,Spine,Spine1,Spine2,Spine3,LeftShoulder,LeftArm,LeftForearm,LeftHand,RightShoulder,RightArm,RightForearm,RightHand,Neck,Neck1,Head
Cond_BA/StudySeq1,0.0,108.4004986684237,223.8785914131883,357.32017827200093,489.9418638509753,776.3532950067718,1688.9079162848102,4788.8939391651975,489.9235426244334,648.1281874258323,2077.839641130108,5560.946952887269,532.9076665327367,630.7200798235767,725.0791042940783
Cond_BA/StudySeq2,0.0,120.8335829066366,242.54832650813358,377.6480254206583,519.9820753967027,823.1669449149842,1763.760113956967,5854.063832437789,519.9615613300365,607.6933420092647,1993.5727621642764,5851.056038139599,568.3889157869056,681.3368164928062,795.1932844579376
Cond_BA/StudySeq3,0.0,103.72981327952267,215.52680631445472,346.7765409589782,470.0242837515617,761.2034064129864,1714.2771214081845,4124.820452228914,470.0191737174208,615.9065377548253,2068.4728354874765,4126.5490717897765,513.3299549588218,603.9233388631976,692.628848309876
Cond_BA/StudySeq4,0.0,93.95780130323132,191.7423534583852,303.0573598498284,427.1347186550852,657.5154963437583,2106.4313219553496,5799.919556978555,427.14850043357694,653.5704730010616,3031.6813332464603,5973.921399317624,460.6137332714948,550.5687075623538,637.9147389102696
Cond_BA/StudySeq5,0.0,77.03025416095878,152.65833379786994,242.2978478366428,342.249078526275,594.9279658886279,2375.10608075343,4875.731201687861,342.24554402925537,569.9528531035186,3086.2335990495794,3988.5874230994377,375.32531199866,437.37179992907585,498.4006070184671
Cond_BA/StudySeq6,0.0,93.28272472220156,188.2918360453763,300.7596495609167,417.53685441363007,711.3558407508139,2254.585046405971,5561.577238318912,417.5071943849212,633.6634875423164,2870.447057766547,5742.180082059704,461.7318848968082,546.7198011844489,627.0558887421919
Cond_BA/StudySeq7,0.0,86.07199066887173,173.21513550394735,272.88335116610955,383.23765854734467,590.81034993753,1908.0048369479516,6620.095408744521,383.2214759704308,526.3128486719717,2506.188890214642,5365.513350357182,419.7499904455605,505.4667527751725,589.6276551490197
Cond_BA/StudySeq8,0.0,87.54453149174323,175.13360268016484,277.8070836434565,395.85230089933526,645.8393969945108,2555.3126563444034,4959.860710419465,395.83781735660295,608.2915447384992,3004.1994342035023,5326.269887809439,434.3567989635179,519.9558491140283,605.6511121837498
Cond_BA/StudySeq9,0.0,139.67375095660782,272.33956095627144,422.57361721689324,581.4953767280566,971.2978979970446,2317.2658567993435,5188.76572149178,581.4781980022433,708.8195805213063,2169.664893695254,5149.495700265702,634.9318464056863,742.1606235577162,847.1712834070196
Cond_BA/StudySeq10,0.0,123.83349357964167,243.34744839213533,373.76332438966807,514.9476079283444,784.7743428373378,1592.9543087437014,4909.353593905469,514.9563763583234,609.3775046269379,1872.3437782271162,5217.530074292434,561.8754314422033,671.4234907863846,781.129097646709
Cond_BA/StudySeq11,0.0,129.32440450275772,253.37456434594827,396.8765003759672,553.3742626037439,882.5751077630628,2193.4702892735113,5021.456069129627,553.3595663635915,675.8048844216092,2480.259309788053,4247.855871657862,604.4070936551686,707.1318787338879,809.0745089930585
Cond_BA/StudySeq12,0.0,103.66503508107421,202.04047793366584,315.67296703745615,459.40571078743096,708.6182722235077,2643.278973072701,5228.17392307314,459.40469158775045,634.942769497821,3159.6995282158628,5345.797905242505,492.3219415285453,584.7677142449968,678.2604825891613
Cond_BA/StudySeq13,0.0,89.85581661258385,183.74865994313396,292.8542257046237,400.5980228503523,640.7683168148976,2400.0019062425595,4208.897291325832,400.59647042043247,582.6985048337451,2757.7926684927565,4712.381073947007,439.65723858502196,519.884868988649,593.917520774796
Cond_BA/StudySeq14,0.0,56.782478227633334,115.79218223798594,185.18119609423815,261.736836871264,423.77122401792394,1735.4611492715321,5034.5187331123925,261.74859464065145,419.35695484995193,2107.4774351346014,4793.325927892774,283.7964816098787,337.33921900807456,392.9337973118234
Cond_BA/StudySeq15,0.0,72.94440088783682,150.6528010392529,239.84069821911007,334.810270962244,502.88593731951215,1889.5264802242282,5921.253175796186,334.8081110521173,461.458234848576,2589.8877182158644,5997.193068763983,363.5026119847637,441.24613842419205,520.0634352415054
Cond_BA/StudySeq16,0.0,69.34534446892253,141.89663487741538,226.6270521209816,319.3940445737829,495.1742215597727,1853.8186976893564,5531.728993057692,319.4012488903048,498.8397082471273,2397.103224314065,6831.426094854122,345.60954379374857,415.41615880488143,487.0307883401833
Cond_BA/StudySeq17,0.0,69.6640196874924,140.6458647359373,223.0155860580348,311.9488412303837,496.4741981234438,1910.3897610235583,5561.8532418224295,311.96354388256543,495.34666750526367,2829.906265999582,5421.9134787939865,339.5053485255033,411.5105012482334,489.63052406324636
Cond_BA/StudySeq18,0.0,80.40878260789911,163.19767614667498,258.1219804310697,360.73560601757924,560.6165203228919,1777.1210166234569,5912.43807932522,360.7268109675373,515.0671917177967,2648.6323471489345,6099.709264614113,389.3219831572563,463.8987392300339,539.0636399907798
Cond_BA/StudySeq19,0.0,57.335676128814754,117.77318095405849,187.87854545861956,268.1378818140719,395.7405828429172,1088.0695445867893,4247.806115098808,268.1395726482952,417.8761966957733,1869.036943130726,4971.353592382758,289.30839136168413,347.12617487050437,403.2485078942127
Cond_BA/StudySeq20,0.0,67.78233030322339,138.43970918869667,220.98599895929397,308.9209669272643,474.1143663877126,1624.1958394642224,6116.115180291936,308.9267765988548,520.3779890133812,2479.768014722737,6036.077004649067,337.12341634872473,403.14668589752927,467.6401968546111
Cond_BA/StudySeq21,0.0,171.04887382587893,337.9875424985612,528.1419533206976,727.1444925677529,1187.6815604316162,2700.517975249573,6335.286822964573,727.1153879597881,922.1910696958879,3367.0336213639666,6023.584833176978,796.786380042522,937.4266517499813,1079.8387390579119
Cond_BA/StudySeq22,0.0,105.96300667082463,214.61871609577233,339.45660393427806,472.5722966253531,685.411179612962,1816.5799175039665,6677.573233695785,472.5756653668817,613.2395252181685,2707.6590370869653,5924.423817649395,515.2149413491419,619.1139164693319,712.2064718684474
Cond_BA/StudySeq23,0.0,107.10626008997619,214.39206973665992,331.0829548580569,454.94710175578126,684.0175008057586,1818.2399032481464,4558.493638422091,454.9600653613139,544.2938618036911,1753.3385318084042,4753.817016019046,497.0686813923234,606.8513161256599,719.3937479666137
Cond_BA/StudySeq24,0.0,93.67091221043333,191.7027615244473,296.7218228811113,409.7149301700749,620.1383280651847,1521.8330576242283,4637.276450404216,409.71055640278485,578.7208126841294,3224.723486690584,6240.403486551677,444.9974683537963,550.3483454047199,655.0104950684466
Cond_BA/StudySeq25,0.0,97.13496903624858,193.67046347390325,300.6284644354316,407.4881152855909,658.1612868286779,1998.0637084807354,5815.117825311738,407.47931103626905,567.3085347247992,2492.8044842316517,5215.515457129913,446.5124914837667,531.6690973271893,618.151609290539
Cond_BA/StudySeq26,0.0,74.20747298822505,149.0119192309862,239.39294368107636,352.39599430157034,602.4848084827072,2132.6292615046514,6257.33319360103,352.3938496533239,566.5835136774447,2356.9453794589326,4859.901263893678,375.7260036526575,444.41642694426093,512.7599408561754
Cond_BA/StudySeq27,0.0,59.31701156812785,122.78062634426307,195.241247814732,288.04843336962665,444.91616656110716,2054.7097500932064,5516.452640394074,288.0699652889302,418.22534920676287,2061.758482276339,5875.779285258681,306.3727730079994,378.68836613830837,448.6639464742413
Cond_BA/StudySeq28,0.0,93.2493194519381,187.27732191399133,304.3320497793058,427.267534129192,684.9804554274453,2365.816735003049,6611.944049350955,427.2666168026652,648.3092669680527,2894.2558351604935,5751.728098566474,466.82115332602444,538.1083468347186,602.9934275282365
Cond_BA/StudySeq29,0.0,89.5371398004899,180.6941572216505,293.0879595018795,408.51727257118864,625.7657326244525,2179.807864488817,4932.181913048431,408.5172267179969,594.100722453119,2563.361619349943,6009.1509130767745,447.68054955071733,525.912229858985,596.611904799917
Cond_BA/StudySeq30,0.0,120.675260497777,234.79151675706186,366.3928112606219,511.1622204205833,773.6600140483865,1621.2743845717014,5290.7265469557115,511.1521487309601,587.0947990524122,1615.112592637594,5415.046137423388,559.747883551386,663.0109868425952,770.1552517087107
Cond_BA/StudySeq31,0.0,139.33763648497103,275.17298556709187,422.59445681072054,582.3347581503981,851.4323820298138,1509.420802850861,3652.0042551752913,582.3530932238874,631.7931483395581,1556.4161068910928,4298.312981268663,632.5962073745038,761.8088222712896,889.937866717845
Cond_BA/StudySeq32,0.0,146.6128499009555,296.1190500548865,466.88983243480675,628.4016050112108,987.8451908716761,2046.7444941316553,5190.700324315103,628.405555350106,822.3480270043588,2436.692738335833,5497.798263263006,689.3546239323881,802.924219959631,913.0140970629769
Cond_BA/StudySeq33,0.0,106.48389222287854,209.23108636485523,322.99686556974643,449.25625463764703,672.4428762926539,1601.4044812205996,5413.491399622169,449.2601262193915,564.8980450104232,2679.345582964538,5983.2649702504,488.7616209399978,588.5007438477294,689.5845502531179
Cond_BA/StudySeq34,0.0,59.58681006938339,122.96955439045217,197.99156951210716,287.52762064935985,423.13843217341787,1148.2214494036052,6522.815288412089,287.53097425230794,395.1986077196488,1605.4859896528428,4984.583575690727,310.78131272422803,378.6819669220671,441.624411117715
Cond_BA/StudySeq35,0.0,64.80579433042384,131.69321305409954,209.70177585557894,288.7250649034381,466.8570717041631,2144.0499624195922,5096.9005776255335,288.74676247316665,450.7849127050957,1940.2013417234966,4904.133480769869,315.61910914852723,374.73049774592437,433.84797813764834
Cond_BA/StudySeq36,0.0,58.267103258249335,118.96554750656011,190.78746031642024,279.3034899810531,415.9273413591891,1694.4214710378346,8475.792258131201,279.32277530822023,433.77842863863964,2189.192141418551,5651.9308540382735,300.19013387527104,363.40433587718235,424.9654513679368
Cond_BA/StudySeq37,0.0,69.10861760865097,142.49277957480945,225.13525901558404,322.63956924381006,534.6577900036328,2196.467366323828,6179.6731665390125,322.66432742209213,468.9439419098264,1858.635405706014,5390.620426786832,345.5350674291893,426.50980855268597,508.2586147986933
Cond_BA/StudySeq38,0.0,85.56452811744239,172.90745448724465,276.6240322074396,376.3364655467359,573.6741153469357,1261.8169765849016,3689.4757505982557,376.3246329084552,546.7915674847834,2225.0430512002968,4578.520216294577,413.74193951729694,483.0989563701141,551.785588897554
Cond_BA/StudySeq39,0.0,67.55180274909385,137.8846019331147,219.2462757674292,311.527256261894,469.295006285337,1620.0171361848365,6490.575884482564,311.5410749265759,498.9317627432613,2441.3951798263092,5157.289240806487,339.1244614652786,417.7026763615088,504.3026939113682
Cond_BA/StudySeq40,0.0,69.12505831187454,143.19255673989605,228.66628070223013,324.1546322708967,485.26964099718475,1756.351931951298,5251.957985415901,324.1742733158659,489.58794042217386,2040.9558532152246,4221.189331450685,349.8737816639424,417.0827964108718,484.33335079815265
Cond_BT/StudySeq1,0.0,65.67497642019914,139.39929808487497,221.73813906038387,301.0702969699779,402.91213798059437,1264.1913271755166,1775.1184045193188,301.05511536934523,395.8086971167185,955.9376063597591,1723.456972695321,329.47725432256175,399.0507340905249,459.2566431506359
Cond_BT/StudySeq2,0.0,55.03299166211586,117.42563439420452,185.85708009191225,252.67740004592918,367.98321921947576,1137.4019053436639,1701.0586451790446,252.66332170177589,343.9222847692926,993.2039364196258,1517.3153229085767,273.05019319247543,334.57690537206616,389.627534804313
Cond_BT/StudySeq3,0.0,64.1578396724135,134.9010868236849,211.75138679635847,282.16720450311857,420.94037648018127,1478.4295259007963,3267.852009625622,282.15000452146285,378.95890546646126,1105.3385635348814,3170.8592594141855,309.13504287129405,376.24449296392993,442.7018380983843
Cond_BT/StudySeq4,0.0,87.34567669650217,184.7460719229757,293.39198777224635,403.616575635127,550.8153515989511,1717.6356722338382,2386.0457822604717,403.6085463513678,506.2308597232818,1049.481155602863,2325.8105753201576,435.92235242743527,518.9682342982767,585.1094081073265
Cond_BT/StudySeq5,0.0,83.2888414251974,176.44214783133006,281.0387417812797,376.4689267085408,559.5619719614141,1685.5849761557006,4359.386427894432,376.45568472839494,521.8986580071529,1285.7211662860777,2654.505698721342,418.3636210045672,502.38004868176034,579.3062119582206
Cond_BT/StudySeq6,0.0,76.79497347725624,161.7135019748254,256.5569461058137,352.78122404968343,516.9742897869314,1491.7549687067265,2629.00050385989,352.7655495862874,433.8164186197257,922.3316701888789,1743.423593969783,384.78310347560546,457.6705684742104,516.7176333007978
Cond_BT/StudySeq7,0.0,69.40494950238532,146.73412533945054,232.81201280339127,317.02048672677864,480.65943072757415,1271.2094577741143,3445.0077826543693,316.9797181027203,427.83075712711167,1297.5551250425028,3056.908214025102,347.63810427020474,416.3103905457199,477.8687008234624
Cond_BT/StudySeq8,0.0,73.95222516791229,156.0818342324053,247.10333560165515,333.88416132010116,473.02572509836324,1501.8551134901172,1935.555855040229,333.85165305879195,419.3262011834405,1095.9881788586367,1740.9753428782583,363.57354233228216,433.4138501322795,491.0833377126608
Cond_BT/StudySeq9,0.0,66.20052002998123,138.5834952386008,219.12636213564585,303.7118495477282,411.5476607748219,1191.345786618535,2489.640465441056,303.7042326170515,377.69970147377774,740.0614685895355,2235.5622706536788,329.4524229487348,397.02778092774537,451.0703821117826
Cond_BT/StudySeq10,0.0,65.76451809103217,138.97919664988808,220.33710121555376,294.39452664979626,422.4909913082779,1240.3692171930074,1589.748099990652,294.3634384461455,377.35659410105455,980.0007078881358,1576.1653623099564,322.9689763939371,386.03150961204966,444.89572156718936
Cond_BT/StudySeq11,0.0,83.40465156045144,175.1091822916739,280.7773188656452,396.1482098431717,616.9194172724146,2303.2916851709074,5144.603723278129,396.15715456218754,613.0529921770416,2285.888710890413,4233.780431489009,428.2654911672563,505.04545301354483,597.3228431790483
Cond_BT/StudySeq12,0.0,91.62367563937545,194.17402985573946,312.6614738699078,429.3252952033987,634.3158923828693,2012.1399387152806,5893.769610797819,429.30259605097575,597.9082735085611,1978.7693578592907,4695.803622421721,475.160316068626,569.0909731530895,673.3816908845552
Cond_BT/StudySeq13,0.0,54.37090856252257,112.36245625708389,176.0475435735665,244.0189993658737,311.3147205987765,956.4125282582285,3329.1954397194477,244.02846104785723,301.506032283625,535.0918005549734,1274.7797134975033,259.9822513971526,301.97798995572384,331.72457605952434
Cond_BT/StudySeq14,0.0,56.78867717891913,118.74437938525027,186.02693132259634,254.59873293828537,362.49428122390384,1052.1332837870254,3846.304783330977,254.58470034534207,340.2503243281589,954.1131845897468,2687.591745206509,275.31758202390273,332.6745962639188,383.88116925954273
Cond_BT/StudySeq15,0.0,55.10538196309732,114.98871858301199,180.36502742518664,242.25117468343015,360.2537844132594,1275.5905667654197,2801.0383581902133,242.23720250024974,326.3317486331018,1042.466573763206,2585.300322303159,262.85388044732997,309.815525854603,353.7340484466566
Cond_BT/StudySeq16,0.0,62.275992081885825,130.64402951013568,207.19641535611845,285.9080392496893,413.6668168395181,1286.1344381217687,2686.1608107684383,285.89642059943964,391.78968908643276,1096.8713162820764,3195.95074828827,310.86229809456415,369.9115535582864,421.11712026414983
Cond_BT/StudySeq17,0.0,70.09062803502054,147.9673829978206,236.10114890451868,315.95198812272605,480.51544984055175,1543.7420319878017,3547.625547485359,315.92413702006115,450.7367116903389,1290.6837110373372,3210.908210245024,350.7373656396969,419.13326620598133,479.84758076174637
Cond_BT/StudySeq18,0.0,74.3540370396104,158.39551582934848,252.49795804300507,350.95841391136094,480.5925671329408,1315.040166120174,1849.9293367431253,350.94812727975716,451.59144795626275,978.5181666283689,1951.8369511044848,382.8222806021708,467.70787062094826,541.8546078845792
Cond_BT/StudySeq19,0.0,64.24703343778461,134.89813893668995,213.23247762426845,297.6911371596768,399.46013637847,1156.1824365697796,6303.498866573619,297.68808990675984,396.37212412071517,778.8583335212314,3459.0788958158128,320.2200890345183,385.80268723172594,444.08309179590583
Cond_BT/StudySeq20,0.0,76.4918300936711,159.29603743854543,253.5683704409774,354.48032918919534,511.2874036693242,1878.0153086622745,4324.516770803107,354.49575379325034,515.128996383975,1701.7930254121736,3911.846434919352,383.18737734197543,456.35718484122435,535.1920720067228
Cond_BT/StudySeq21,0.0,61.07428157710927,128.58778831367277,204.62532071098866,276.28414243142083,422.64841395535586,1389.2635386929273,3308.0912290332217,276.26275714260333,400.86427841970163,1188.0410221632305,2976.3241506800314,305.8029209353115,363.2040586101488,416.3965269149172
Cond_BT/StudySeq22,0.0,55.69282477699269,118.46089703242814,187.11507964396486,252.8706656435783,369.4882745019248,1209.917567643697,1704.9507922516498,252.84696315936304,332.90189855487483,921.2518656257507,2726.6523007495744,276.29147754542953,337.65109753710846,392.14254885178974
Cond_BT/StudySeq23,0.0,80.4558428009765,168.75855471088607,268.40592823153986,368.8868117944562,502.63928710208376,1805.6017139461428,3707.164536381651,368.87929034279637,487.17871850717665,1537.9494223413699,3613.4502035792902,400.9968793711374,471.85918703377786,530.9238185629433
Cond_BT/StudySeq24,0.0,80.20439385190684,168.93390057430935,272.4938429422119,375.03723611453995,596.8417921224205,2070.5453696580194,4666.971620468116,375.0349540932001,601.9400901342018,2188.80699513403,4260.598732092627,412.15511870849355,471.56755463398133,525.5324507253903
Cond_BT/StudySeq25,0.0,64.32924871677383,134.44070563279087,211.32522476189575,284.22233577571717,384.16480646792695,1235.088216320326,2752.3363772486255,284.21922407760417,375.6708849464929,967.9897654477968,2431.863707763343,309.4908079809088,366.9299842531491,416.3137641980469
Cond_BT/StudySeq26,0.0,70.43101724667422,149.3937065015976,239.07592027047593,326.4976201675382,486.3025693824946,1583.6600692414288,3330.169960330978,326.4860864313115,439.42623058806765,1142.6706283582075,2167.6435827145283,358.46897776882435,442.15372010017484,521.5228371331881
Cond_BT/StudySeq27,0.0,57.28299584610858,121.25477552273898,191.82345570245175,266.02330165397126,387.6483266177597,1105.0539050244402,2021.2373196125257,266.0105469181837,346.45249779268767,903.085736069572,2860.1275357715285,287.74911953758584,356.41531686832656,419.9940047128621
Cond_BT/StudySeq28,0.0,65.0660424959824,138.29706342628154,219.4982672791644,298.90696438009957,435.10283751984537,1460.765899251226,2210.486435378561,298.8891772926668,388.99109953700696,1010.705927774595,1982.9353981280449,328.3573014188595,408.806350009021,487.0147468064184
Cond_BT/StudySeq29,0.0,60.86979177371266,129.00804843478122,204.98555232064746,285.6982437910942,417.33953948714833,1368.4674517735173,4732.421644031221,285.67958899263255,371.01779785309867,1041.9324561553597,2736.456213830159,307.9757722393734,377.1018735912703,443.3269621778368
Cond_BT/StudySeq30,0.0,83.50202251000177,174.49799455310017,278.46426250198465,375.3069662271487,537.0144978913308,1680.8140465908295,2357.5497432559887,375.29107740427634,500.25471082132935,1259.4657080048157,2258.5952223937875,417.28465986060604,490.9761911772197,559.0532072068836
Cond_BT/StudySeq31,0.0,54.74171455974725,116.40496487138958,185.4165275473655,252.62563322584288,367.5934316219755,1175.7648378404513,1671.1606437904247,252.61599566776567,350.8248813712719,1029.0860213611415,1587.319046639198,275.5499506417103,333.7580393605097,387.26417029462516
Cond_BT/StudySeq32,0.0,78.01632073718625,163.31873783964156,260.5630215551771,371.72497217149316,491.1155697679911,1501.6039618627165,4696.726216719328,371.7252732563344,477.30869205844755,1025.4881186947423,3396.6293401061052,397.41978477892843,467.24468713760024,525.4926417469198
Cond_BT/StudySeq33,0.0,58.912363198265176,125.26865992088031,198.4976725464944,268.5050758574977,426.78009190313503,1260.871957395947,2172.2608605940777,268.4628400250719,358.7571637719946,1122.1748840992973,2673.600281008784,292.62696539534863,353.0528291249382,402.25188804051515
Cond_BT/StudySeq34,0.0,90.08963673635074,190.48336157865953,305.6132800027404,418.49682916046766,658.3916994893481,2173.6549047697554,3686.752730096234,418.47796629799126,631.4706206947811,2126.782224049835,4004.0177295392696,455.09130293972305,528.8912872855393,614.4382750534219
Cond_BT/StudySeq35,0.0,47.85931363118231,102.02293646246447,162.81393269403463,226.5973862716459,330.2999063196003,1114.3015552973116,2376.9372624273683,226.58857820903398,321.9167408880081,1018.2495431309349,2071.9301451898064,245.85272025804485,301.8351926543474,360.3183430867568
Cond_BT/StudySeq36,0.0,63.89031805426198,135.94863459057729,216.35797738063334,297.8577845177529,409.05239072470704,1271.963923869864,2497.3422002308075,297.8383968215559,387.5491663069273,950.1312223746082,1575.6591776512682,322.73683562889994,388.2793223870103,442.72860087692936
Cond_BT/StudySeq37,0.0,63.96299006511504,135.04262644174733,214.97440974826205,296.28790721311356,423.05597862562655,1374.2772123143275,2102.575369001128,296.28245131282733,392.0775080807722,1052.9255902313846,1850.884085275584,320.9149373237619,390.3234583986749,460.40634794294476
Cond_BT/StudySeq38,0.0,68.48559097336295,144.2581415330131,228.72297295273967,313.4018414226647,414.87562130711103,1313.6047152761091,3266.0854435174397,313.3901028086651,400.6394609071313,1113.5002535142346,2653.415254551203,342.59807907657483,415.2245176439045,477.7413467704407
Cond_BT/StudySeq39,0.0,60.289978888199954,126.97908620375418,200.2524977218087,276.4293646833489,374.51712467290133,1151.5045076881486,4376.142461810299,276.429368507233,358.1740573490503,865.1770910409414,4183.611366503696,299.7363175946739,368.8975566307015,435.1704730893824
Cond_BT/StudySeq40,0.0,54.52520497050159,115.46988520948489,181.86493491533048,245.22531627441458,354.4978640778638,1172.7814206213727,1763.5971659736952,245.20955866463763,321.1119014172852,924.5170641827071,1538.487195991415,267.59693727909814,324.25555302182886,370.6850168223417
Cond_N/StudySeq1,1078.9295477235598,1064.4953520997242,1078.5496906689182,1146.295749147351,1319.2054546119982,2170.7308346715963,5546.785812111701,7685.19534408055,1319.0516146345726,2021.7550552221542,4066.7965877875963,6217.253163211634,1318.4501867069923,1453.9975360929593,1605.9225907458613
Cond_N/StudySeq2,1045.7346227765056,1018.9487855260403,998.5376340175504,1015.9017535415005,1128.8121797909228,1700.6486686581293,3842.8593689701383,5902.939117850985,1128.8926952153035,1735.9686674664133,4538.325676797225,7190.737516759456,1147.2722935780328,1275.6730687513843,1398.834749205947
Cond_N/StudySeq3,1229.9969386994744,1201.8748506996226,1184.8553634066318,1203.4541484455553,1299.2127547588723,1970.231883021941,4262.083078675265,6599.244167814297,1299.3998262503956,2043.9783648148248,5262.814307956968,8445.20479732595,1280.4235142111015,1373.632564714847,1431.5338658733212
Cond_N/StudySeq4,1017.8082065497564,972.0709515516089,957.740666619155,1011.1262130773368,1099.0909532763808,1736.7464094343825,4318.396529246264,7175.4237705175865,1099.30659590618,1952.9635863630028,4975.709762027114,6787.699671467385,1129.8047283413325,1147.3636069888325,1221.9841103009232
Cond_N/StudySeq5,865.3439965433724,821.3881418838731,798.066756598587,794.7194905380171,797.7673780400798,999.1667470196738,1794.7369420598877,3130.891388598109,797.879911177238,1105.8194312403791,2437.8327355044166,3882.0301406502904,792.2074070192452,817.6925352024975,869.2258794466846
Cond_N/StudySeq6,814.7549858662753,736.7414777871411,694.6729400340871,704.5721450463393,765.4247587939908,1196.7462556174855,2884.416991247227,4176.115571951752,765.3902909332884,1099.7138283351048,2801.3847343738344,3188.8493431307634,777.8211365088684,847.997401630608,935.4577911336364
Cond_N/StudySeq7,943.3817435033177,902.9199738329353,910.8595260188827,965.9438296949327,1070.2684050039213,1439.722913496018,3715.0084266158683,6672.472672770247,1070.4042501943763,1683.1513380603224,4128.431619051964,6150.982919377846,1082.890384622125,1174.9195101113517,1286.754558483268
Cond_N/StudySeq8,2104.9408561511104,1944.861123250539,1843.044114934164,1843.283880608467,2041.5071507744287,2843.6340196999518,5542.296221714936,7756.328562101702,2041.7928343526887,3127.912882842771,6084.926367034959,10453.723367235069,2033.5750921129932,2348.723319192729,2715.318099790371
Cond_N/StudySeq9,753.7528456960079,708.6416786267146,700.6352316936888,741.6909873285293,858.63125641732,1964.1983785131388,3506.4716640881506,5326.638726970494,858.5284335064563,1267.1229122180152,2111.0357544655444,2734.6369760757916,858.8934473242392,912.1224701403827,923.1267232899554
Cond_N/StudySeq10,658.600595845843,576.8278845844349,619.2771697041567,665.7263520204725,763.2172300148585,2657.2614863664903,5088.486649710892,6067.157202424856,763.1975577319741,1603.0937280162093,3411.9953414499855,5570.869113003182,774.1362425698468,870.3642337060069,902.9057318760294
Cond_N/StudySeq11,489.4002806805645,484.62503500373344,547.4112713134053,652.465838848288,807.2379471445943,2170.601657435864,4229.743273813923,8173.321955501359,807.120863148308,1647.7662994546904,3562.3524020369196,6094.967244804485,828.9748675554895,965.3572606031344,996.200690861298
Cond_N/StudySeq12,388.16179547465947,371.1749249689042,374.77273376622077,398.86460226116617,450.1646284180319,1838.9488696441558,2994.1060814774205,4834.120893421756,450.0928345275256,645.3178562289925,896.433885521051,977.9601610044394,462.67264940463696,491.41426847551736,495.3568830240015
Cond_N/StudySeq13,1386.4679387248532,1315.4892116934436,1319.4313435881336,1392.6586886624414,1505.4577461191204,2317.041013186806,5758.944571710779,9592.505568708113,1505.5148683805105,2394.3197990296726,4522.093720320282,8359.148044949494,1576.9624947244577,1648.2767806339064,1730.1354445808568
Cond_N/StudySeq14,1218.553383593241,1188.532092213843,1198.756093649665,1259.5838897203164,1430.6149813057987,2182.42067625933,3772.5752546795493,5813.565278446008,1430.385450511747,1856.1670013563823,2711.1211274995085,3620.3408390907725,1421.8625557678656,1509.9198948726853,1501.1095558386323
Cond_N/StudySeq15,1858.074497810955,1848.448879254644,1881.3600624482458,1967.7013292718293,2105.2502667421318,3149.8145536210045,7133.327274890484,9893.422150215372,2105.318207809313,3168.413755321618,7411.741547051074,10062.868139477032,2164.2679696746013,2360.9572325745285,2630.773445018567
Cond_N/StudySeq16,728.2924569729742,678.4807154041937,652.7242510438925,665.9171775859305,715.3555414082145,1196.146344577253,2611.724894005296,4502.262270525037,715.3363568853864,1065.5667573182945,2042.1090060470742,3357.190094763618,724.7170040745816,762.326898293736,805.1022131591853
Cond_N/StudySeq17,1198.6899784063157,1208.8974305121565,1273.0190535726936,1422.6292858152976,1589.553325565441,1755.2985629296506,3243.0443373266876,4739.383081927088,1590.0794401617952,2601.3628875780423,6637.046976997076,15770.184248427453,1687.0660872487904,1755.5336438418155,1826.6809527898774
Cond_N/StudySeq18,576.477590790808,565.4393759635151,600.9749397045953,691.8041724692239,846.7803255304823,1426.8510704955927,3998.569660498887,8805.549361279325,846.6701937314133,1210.5293265989644,2317.1260610485406,3925.6501864571196,875.9583925929403,1021.5268215051863,1157.1887611069972
Cond_N/StudySeq19,487.929041731282,469.97805035904213,469.69471227124524,491.92626898135137,576.590668214865,804.7952170733923,1424.1593592952995,2399.124375835886,576.6732095449108,980.1657531320019,2495.004998363365,4244.968534883356,579.2067098997813,661.9600636312236,677.5597341914895
Cond_N/StudySeq20,412.6187709117915,396.1210860110582,397.17865668645237,415.6303417699132,439.20631614254347,530.6257977645189,732.4721566244557,936.8005347418534,439.29679450132403,708.5424620176641,1489.2812914529168,3046.7675257088213,455.8987936450152,500.8358817160081,516.4853343713269
Cond_N/StudySeq21,946.5326582243586,914.0357020237307,912.8486043127417,951.8259348153832,1037.4401426562683,1720.7095313621376,4117.287396926844,6342.537121564787,1037.499040133186,1764.8372986462082,4842.25340808738,7110.99975457537,1058.7650843203342,1213.9333854078948,1366.21219479733
Cond_N/StudySeq22,696.335856467733,685.3570587504977,701.8455367229825,756.3786849324581,875.3443043496577,1629.1768458698275,3744.1050576697244,5191.03950278256,875.6413168720426,2018.054469604051,5946.777043240367,10288.920945847758,891.673899413046,1088.4982654613857,1290.1604329085797
Cond_N/StudySeq23,1074.3863975335394,1051.0178619371368,1053.1051934748125,1087.9025157611804,1167.9267019629547,1824.198860493475,5012.760302348995,8118.791704454217,1168.1131027196877,1862.3301277682522,4136.55548974836,7277.537978837252,1163.5605715185316,1249.3382174939281,1326.2812101215563
Cond_N/StudySeq24,762.4447652687045,712.2387108843384,681.7963516151093,695.0554030409389,771.0438492463095,1128.0287107606641,1679.890792494386,2106.8363126953072,771.0872934657424,1217.708989419985,3137.792246875626,3808.084132042854,782.6262170138319,884.379672358589,1005.019967531694
Cond_N/StudySeq25,1170.1335216240957,1110.8046980200213,1082.764150443775,1114.423294307446,1171.2752435557857,2059.527455035877,3922.386326788488,5879.594236159591,1171.261821532234,2336.462126781126,5403.5714403221855,7003.944193179348,1209.7944614022044,1366.8482620840703,1605.3974234151508
Cond_N/StudySeq26,1064.594932042077,976.0897373888329,938.718398330378,960.274633437008,1048.973506525141,1453.9873724377833,2804.2246160750246,4253.32448303335,1049.1057961872614,1549.5068493550089,3641.8912324350163,6496.224374346467,1066.9827693700925,1158.299021515319,1220.839248453207
Cond_N/StudySeq27,991.0442199643555,863.9640774548773,805.4711433371004,870.2017668804018,1041.9186704996423,1606.8176909897493,3876.8586424972273,7095.049529478809,1041.8986832263927,1470.5518741599224,2643.8601753150874,4303.866111788161,1073.1722349902652,1249.7638162220849,1289.1164267922206
Cond_N/StudySeq28,648.0054411946002,618.9655144234591,652.5644231765693,717.8710917372922,833.8060607536943,1239.9931969603228,2775.8009459226378,3880.208281552748,833.8843227822935,1218.755187987217,3135.27424458689,4418.937006198439,836.8402536467911,958.7578406219448,970.7029463100994
Cond_N/StudySeq29,940.7026863601651,877.202875899721,852.3899444145334,879.3252694716896,1000.0698201375194,1478.2724771795583,2899.221928241302,3638.9944775306412,1000.1082667543485,1372.8928135082253,2781.683242754598,4604.654665343574,1021.2903310661425,1218.2905453782555,1343.1823033056994
Cond_N/StudySeq30,719.5025218107187,688.7858273322803,691.2935611950447,736.3821132810504,832.2971127971666,1681.126415061014,3829.501004165457,5138.20678075299,832.3611811442879,1976.0150540134985,4907.615362308733,6351.97825552525,862.3360616812967,914.1726370952541,946.4637738609339
Cond_N/StudySeq31,850.883309051578,809.0558997466303,810.3698770887496,858.2220282293292,983.764614914589,1369.5307072907588,2852.8527084382354,5248.0675243753485,983.8900225812297,2203.7272587515317,4497.400671710228,7805.706209715277,982.6271966715227,1060.205069478802,1136.41735824583
Cond_N/StudySeq32,1348.5955433244835,1312.5875454661768,1291.7405906550525,1316.345528323095,1452.3180954262068,2812.4255024686795,6088.903739034776,8519.866224323034,1452.5322207458385,3044.3729223874084,6376.59273189952,10249.86451781725,1433.1468141544879,1521.9377419788227,1596.213456096153
Cond_N/StudySeq33,1083.3884605037954,1033.8435482707723,1020.424487075648,1052.3099071881873,1145.4676210418638,2761.9592729556043,6845.464917702508,9057.72726655641,1145.4219218199553,2651.8349952723543,6715.344255586879,8661.480533229249,1168.378284746434,1267.8529091750422,1368.7487889941096
Cond_N/StudySeq34,523.1118393791072,499.79455516120964,502.2358068423465,530.4279036439045,594.8196255716186,826.1761847127274,1636.5220780916698,3130.991073428634,594.8311340855084,917.9057959268306,2006.5788700882304,3169.773387527167,606.5783318000349,688.7882081708815,733.8427735781846
Cond_N/StudySeq35,512.5314359312152,500.873633261003,571.9708550961805,708.4321170094961,911.4805570490817,1405.484094702556,3177.583105435881,6451.210186228917,911.3194775286053,1132.8080613151749,2077.340647144314,3466.973476683964,967.4945354893086,1092.5647995536813,1018.7526146296688
Cond_N/StudySeq36,771.2361358096782,734.2480032610804,743.087788015697,816.8008221002688,945.7869836295531,1559.4118092238195,3931.8922393668945,6600.798715219203,945.7916146226862,1596.2627207705361,3924.7519150249645,7087.281896940476,990.8042726532507,1044.7452333386557,1066.26579933381
Cond_N/StudySeq37,674.9543542714393,620.1023318337021,618.5132974086741,677.5738456750369,801.8513202581105,1123.4840741131934,1896.3584860816518,2997.6195066448354,801.90397640554,1298.089008168933,3137.4910760353937,4678.909618806563,831.2421132864574,963.6560884123103,1015.6869914128752
Cond_N/StudySeq38,1212.1047203273088,1136.319207466168,1093.3962008869528,1112.074543318589,1143.374696362034,1787.6798098541212,2291.286424112946,2243.345461310623,1143.41216815684,1682.2178735378614,2716.6154817969323,3729.140862182826,1203.0207381089867,1240.9769288737352,1312.013387674083
Cond_N/StudySeq39,896.5401424724058,886.1602509988181,919.8380954169786,1005.4704018019424,1110.6861538344745,1408.131348019209,3962.5535792578326,6250.046236066279,1110.7792590712845,1596.4629000183295,3948.139172593169,6074.150278471065,1168.488652356828,1220.5045360878594,1175.2234966987328
Cond_N/StudySeq40,583.8276573361217,584.4427243455001,618.6770160908459,698.4452174537257,799.6478820234549,1210.348968939222,2256.336546249725,4771.318491765693,799.7347812832436,1272.653933823473,3345.443019609944,6179.466706411241,833.6462400627177,874.9132287005642,796.4531208004076
Cond_SA/StudySeq1,0.0,489.69274670561134,1013.3667881496219,1606.7656896485173,2242.799307797549,3037.6663691546587,7923.252979509744,12263.307749187534,2242.7398971732787,3091.115358185779,9390.837257632917,13999.340468580209,2487.511314686472,3129.6772567025446,3823.0279901531594
Cond_SA/StudySeq2,0.0,735.525293608962,1518.242734966142,2369.6599311925374,3204.4683707781105,4470.449432277075,11022.875160979822,18320.93972169221,3204.4036808685814,4299.319556616248,13973.459630361811,23580.144558513475,3553.1568962467986,4468.853382427422,5468.48367427233
Cond_SA/StudySeq3,0.0,428.2252279142761,885.9732138111767,1382.9092989596213,1917.0761615172355,2493.3192126359145,5695.294546090272,9935.898904749378,1917.1496647365846,2798.908265078558,8598.792145093226,13686.26725171438,2130.7307806027898,2638.1654738960888,3176.8883364813796
Cond_SA/StudySeq4,0.0,461.42404053119606,945.8709319979903,1477.22940800061,2087.0210289769743,2784.785062030327,6481.097245502606,10140.812526585802,2086.895632162593,2305.906698636528,7549.900830263516,13393.21796209072,2291.887833152326,2920.0471310794346,3617.3325411467704
Cond_SA/StudySeq5,0.0,580.853830825825,1173.2264073896729,1772.2232909534318,2387.57210907981,3064.4814770621406,9104.39779860203,15439.562323356722,2387.6770376432596,3109.191567683807,9503.458423621489,16910.879063480337,2614.397926206004,3231.8346254242692,3904.3261113933922
Cond_SA/StudySeq6,0.0,439.2467487632076,897.8052831841904,1372.9737458486807,1865.088792049113,2172.259929496514,5117.600964097429,8594.885344946591,1865.106524758354,2216.000861103034,6843.150725877908,10605.052762949159,2054.2304605445274,2521.1655020412563,2987.7142365840023
Cond_SA/StudySeq7,0.0,583.9096247075241,1190.090874892718,1808.443455166086,2408.2760530095447,3062.117511348106,7866.147760576921,13381.323977363363,2408.297991617687,3062.6860623924817,8952.077044711546,12713.096518839087,2645.37689794555,3245.42726199465,3913.2124937797707
Cond_SA/StudySeq8,0.0,675.1128967769498,1389.5822018672018,2160.251821245311,2970.122519530215,4333.231444716703,13140.815626340114,19888.139707713228,2970.1012040381374,4354.704157187274,13147.28763211717,18483.256412700262,3207.3028721732726,3887.565651861121,4590.26127846085
Cond_SA/StudySeq9,0.0,430.7003681514026,905.280239845242,1416.0558045688203,1913.5375139958423,2639.290185644368,6718.221818875259,11461.357449694708,1913.4564596306939,2501.3228452154463,6709.042558960504,11370.589392585398,2099.4833342937836,2584.639993902949,3090.3589553985234
Cond_SA/StudySeq10,0.0,368.56521069634545,762.6476971615541,1187.2074811493746,1643.824622797422,2087.7279094664545,5934.311506035134,10424.528977369428,1643.895483183257,2333.004896525753,6047.786761632462,10976.65725584904,1777.798222125051,2182.110138538208,2611.8591704253495
Cond_SA/StudySeq11,0.0,367.7660461708461,760.456840411809,1187.7230735350574,1630.5716275523264,2343.4133331332746,5999.563737741855,11369.307945892913,1630.5390957168452,2063.247854728241,4765.789261146029,9776.004984539355,1772.21905217589,2176.3046365405735,2636.4155885104647
Cond_SA/StudySeq12,0.0,355.59652713172403,750.4238059306292,1174.484320131069,1587.8093471238576,2225.6675437752547,5845.586958491175,10828.65505939227,1587.7633853486284,2145.9230340119643,5500.6156848474575,9770.7276824802,1733.782158849384,2131.1687911869944,2551.671092810861
Cond_SA/StudySeq13,0.0,322.9195695393332,665.6055019271148,1037.5045501582176,1418.2224741659436,1906.4271895474012,4746.37219804872,8615.058742153313,1418.2626029692076,1933.082568570236,4909.894425569729,8852.219856595071,1551.9383142130664,1887.968196321092,2219.382429784811
Cond_SA/StudySeq14,0.0,388.74373242753387,802.6130516699541,1247.157682529133,1697.6422966905848,2275.584660342271,5679.0611015892055,10676.697055673138,1697.6865635616714,2279.4030365092312,5673.287007186723,10663.310374238317,1846.5865434751126,2248.3306093155115,2680.614534032266
Cond_SA/StudySeq15,0.0,405.65229818053723,848.3625010826972,1335.124259726138,1807.9625406349203,2437.7641683988672,5917.710343498438,9702.402164549609,1807.9129033987697,2313.442121529118,5866.501227127851,10663.157920794147,1991.4711310316375,2466.454964679711,2980.8798832431767
Cond_SA/StudySeq16,0.0,478.5294440542731,996.079467231514,1547.7064095263381,2070.9164201829635,2784.293719513579,6397.462684165789,10433.118209928041,2070.84619479185,2597.6908922959274,6790.563902302539,12081.091257626897,2276.101126276292,2804.374221596276,3371.672930999132
Cond_SA/StudySeq17,0.0,343.84664990618234,722.2291658617476,1137.4872069134542,1534.6862455386602,2120.587004251329,4262.832817427215,9093.06363327444,1534.6248281290577,1891.8766596461612,5089.858306943966,10369.768706711333,1681.5562601307918,2057.4550861688663,2459.144569224516
Cond_SA/StudySeq18,0.0,319.39916874477746,664.6390916463718,1042.123972405861,1435.0634059346012,1896.6648856961501,3953.518542915908,7472.662691676782,1435.0338458646597,1844.121298897624,4786.655154507077,8176.109098743373,1559.3859275997852,1896.0450954561852,2245.7019607965613
Cond_SA/StudySeq19,0.0,404.7668322833631,836.2213916432868,1313.2386539385755,1791.2185135063705,2402.344654270359,5863.639002736434,11468.331858603702,1791.1773167384367,2356.4066145769593,5846.641297112443,10752.253153138565,1971.3467709780025,2422.0054901690964,2892.8197547516475
Cond_SA/StudySeq20,0.0,333.55236747990085,698.8529011147283,1102.2322241834481,1489.539682793998,2072.6849863707193,5014.058704981285,9472.785782605406,1489.5444808258187,2047.9871729026104,5789.886378228153,8628.397091270452,1638.7729871427453,1981.7221750782128,2334.5769306838447
Cond_SA/StudySeq21,0.0,637.3336504655405,1326.9011609213078,2077.8267729993236,2788.8742843390287,3408.483064664065,9245.172573245183,15390.109454122718,2788.9433489619564,3502.982656784639,8837.793114452985,15725.330287853776,3089.9509443259594,3823.5152073003237,4597.262065014576
Cond_SA/StudySeq22,0.0,384.68360059358054,800.097475310335,1230.9737496140842,1674.798806469208,1890.1908797002466,4380.384323883911,9370.316573903921,1674.856663151399,2034.4169487155523,6041.31032046801,9919.667393119264,1835.5714406749103,2274.460171778458,2752.011848928268
Cond_SA/StudySeq23,0.0,326.38100661885966,660.0258705072166,998.0510847815316,1324.0137802616364,1726.1362958444697,3908.4864494851763,7995.007850418902,1323.9386342017465,1571.6995910040991,4082.1243911703327,8615.674208648423,1461.4825470669093,1809.9091782501405,2205.9151154077085
Cond_SA/StudySeq24,0.0,406.9152429832098,821.9355137876237,1233.3391705318013,1603.632811587404,1997.9606771246245,4396.017540831088,8894.621101841922,1603.6327628826587,2005.4342194043343,4996.404919578107,9337.193740604678,1791.6367265825058,2241.975275645689,2738.4946267433415
Cond_SA/StudySeq25,0.0,300.2913814722722,608.7067914537663,923.9167119087591,1256.408272202379,1610.3060861386434,3677.4603509608846,7191.259426963984,1256.3956456287988,1596.7463987079232,5007.124323705273,9313.544224880854,1374.2094223685442,1714.8326993521487,2097.3311010164243
Cond_SA/StudySeq26,0.0,443.85943473787876,922.1541401286472,1418.0872221181457,1905.9181849393462,2195.6473679397945,5568.43920165179,10601.43552559043,1905.9660724847186,2321.247837646688,6826.773374791963,13062.193559470164,2107.0496683756546,2598.7519339756554,3129.0783891630695
Cond_SA/StudySeq27,0.0,407.43831002523757,871.6043535986114,1378.4467046523828,1894.5693122438338,2012.923228645463,4502.783619043247,9405.387614380612,1894.519713062312,2037.9149636390703,5456.040974513573,11400.30298939133,2091.0712687962164,2599.872806458025,3118.7871577682445
Cond_SA/StudySeq28,0.0,311.1253591056134,630.8345166116433,961.0500317038541,1318.8428857785452,1617.059031566112,3577.382091916698,7052.728321049039,1318.8263199216747,1642.680785584298,5164.701943220216,8517.28610692782,1458.029472652303,1839.1163249374515,2252.180875606762
Cond_SA/StudySeq29,0.0,380.30476216816055,766.605464777154,1148.3211817574554,1503.670567322415,1885.9924776739463,4538.481139696345,8805.011708308653,1503.6597870202024,1820.3402303144953,4790.719467842389,9168.899206673968,1677.9067163568752,2128.951182522851,2622.367589697879
Cond_SA/StudySeq30,0.0,572.3087318851807,1160.6166401208268,1758.1506669790235,2374.5503333481997,2956.017833352069,7458.04432268706,11696.181038374503,2374.6175413789074,3094.3442528244373,10034.134636553355,15303.322534536792,2579.9418321331655,3157.2804408912384,3771.854726326333
Cond_SA/StudySeq31,0.0,405.6211687577863,842.8961410274565,1306.2283847774108,1780.4433481802034,2211.187833792064,6235.213737704315,11374.590008777232,1780.4588644787464,2049.013076786542,6101.629204678537,11781.022341872487,1971.719529728894,2460.097473406941,2973.8134807705387
Cond_SA/StudySeq32,0.0,559.8083685822411,1148.0530484291096,1758.5538201758454,2309.5349871342364,3051.198138583584,6937.909067542294,13852.099685839732,2309.5381688277353,3166.32830574502,10002.950989532112,16805.06937958826,2605.0405838829106,3216.5293300067615,3856.492247029828
Cond_SA/StudySeq33,0.0,482.02160463578997,985.2902460613512,1510.738183667875,2050.286196010373,2418.6354122686494,6542.619988903783,11871.346088952558,2050.3933687592635,2666.313601724427,7772.915376114151,12557.51507167524,2260.9713654736383,2797.5532951576947,3331.583531816551
Cond_SA/StudySeq34,0.0,372.27670582707105,777.7365793135139,1204.6288872335742,1616.9009488187567,2100.6001614284087,5280.884635622637,9797.265760103883,1616.8917336435766,2267.4592911807435,5162.870602115718,9948.663223375379,1774.466981493714,2230.0341928274365,2709.5315473929663
Cond_SA/StudySeq35,0.0,375.7111476484222,787.2564739496607,1226.598990224617,1688.7229468817598,2130.123823414404,4652.442965613947,9663.809100967093,1688.7330850921326,2125.7716184377496,5078.984604546995,9854.151475897961,1839.0168037918097,2296.917143873341,2783.76576689627
Cond_SA/StudySeq36,0.0,333.68185217140484,693.271741486983,1082.9261858504751,1447.5933356898754,1927.1985694598397,4285.561047597483,9416.731813958806,1447.530205700758,1816.972775179931,4497.569903315076,8882.772503493059,1589.5674741151752,1925.005032005981,2291.9404405645228
Cond_SA/StudySeq37,0.0,473.5628985077061,982.6856864077515,1542.2710750345843,2082.6013168739923,2758.679944806534,6936.165613183685,11640.044898921446,2082.6708894245066,2726.9714901021043,7115.3107182368,13567.832089204485,2278.0505737344465,2728.7444365261877,3203.5105442492804
Cond_SA/StudySeq38,0.0,513.4815225216228,1106.6107494125126,1734.1893932610878,2421.373806005825,2998.5740506805396,6387.411048596776,12901.720083765824,2421.448133588575,3298.515451279916,7706.7400542936175,15511.849410250452,2630.631693950393,3241.5682939876197,3872.74893789245
Cond_SA/StudySeq39,0.0,432.35552113997534,919.8926783697366,1434.727537260537,2024.1058935600106,2578.5508255536633,7133.537037114519,11871.459956611703,2024.2591173639437,2946.4479394723503,7328.19084948302,13821.410644251255,2202.8538514780485,2707.346530853688,3230.3168591438043
Cond_SA/StudySeq40,0.0,433.7319669462815,926.8544054555015,1450.3770386003387,2034.949059707012,2579.763489585725,6471.820128046728,14003.68846310521,2035.124707096405,2975.5309510630104,7400.617918071598,14169.781433022063,2228.660858142936,2784.486088873983,3391.2070164984902
Cond_SB/StudySeq1,0.0,176.16815068002586,344.69486038311777,504.955523789231,707.1691675231176,973.0990512103334,7692.220791472535,11552.567628334018,707.1190976644193,945.3449821177087,9906.725984412707,14043.175790607726,761.0013366180284,965.4528844170885,1199.317221811857
Cond_SB/StudySeq2,0.0,187.19509596366618,377.0759540708945,569.5037949842372,814.014398023005,1048.1091542713552,7408.985357317644,11017.591068422767,813.9604580611535,1028.170009326735,11136.149914440248,14643.175579733157,879.1073210618777,1146.684783853645,1451.8803945646373
Cond_SB/StudySeq3,0.0,205.97876723267058,412.77498669829424,613.6777326333698,872.1816096268954,1188.0423381994106,8892.425048351437,13738.493591264914,872.0619234820301,1035.087848140451,15673.849911023535,21990.257422098784,933.1368708914528,1205.1170545752202,1507.9812632871337
Cond_SB/StudySeq4,0.0,185.3692417640667,360.8953189671599,519.8274295187027,716.3960028868278,948.4841487302277,7885.555989114341,12298.077716660011,716.3748103134421,942.8551822814884,11285.923379920341,14103.081380712392,773.5563962565363,985.5732459657311,1229.548212903982
Cond_SB/StudySeq5,0.0,192.69270306852195,381.61273516180864,571.3878469420594,782.3259778098427,1066.951301226787,9447.947123019236,14356.583533918023,782.289635291682,1075.3374579129743,13196.973200058423,17966.387911290654,850.809494328844,1039.5977123435537,1265.6930792068747
Cond_SB/StudySeq6,0.0,209.76976736314504,412.9784954196439,612.0333231747729,861.6210044088482,1100.114512351115,8002.152740375161,14505.99521714184,861.5792948770768,1052.5473712271878,13298.197561570538,20346.635529410887,926.0130860008896,1152.4040555977556,1399.87098259264
Cond_SB/StudySeq7,0.0,182.00244379413755,363.43630587233264,542.0983833812988,777.2827873907771,1029.8018978589241,7367.0821596314745,11830.704715636686,777.2417865134641,973.0367271283399,12045.41406063076,16421.351940296685,830.0511023341335,1066.6783695000745,1337.5977758512317
Cond_SB/StudySeq8,0.0,197.06266150889053,383.8139688245835,564.7364911677516,787.1562477941985,1056.9969515455816,8037.101963590841,10746.237291721309,787.127661200128,1022.1936336818956,11732.553140402822,14396.008745110896,858.8009542012911,1074.6937811925745,1297.9720852383482
Cond_SB/StudySeq9,0.0,215.29076502731834,430.0194976034253,645.999103335439,911.6213820140772,1192.3440734003032,8358.028824661837,13164.517555176588,911.5372472688862,1111.3719406454948,12593.5313582838,18330.215060923525,987.3960783462104,1245.6438627264292,1522.6791717973597
Cond_SB/StudySeq10,0.0,179.51177255199747,357.9906072876781,532.0419161878682,758.2328361662554,992.304519157042,7925.555063080179,13235.655710160536,758.2003089238556,935.2054263642142,11192.977941666617,15441.708449174139,816.8467012809745,1053.1526360243633,1317.880349864038
Cond_SB/StudySeq11,0.0,170.62155087557844,334.34570309090884,493.99036728972976,713.9197055258295,1027.127433703116,8158.16241271355,12176.827690948012,713.8603553599085,973.0415364185103,13692.549940697849,16845.293365808255,765.6459773494577,986.5601308922523,1240.6347250067552
Cond_SB/StudySeq12,0.0,209.28250320827485,414.3928143147032,615.8871743379991,868.9641814362662,1111.302649890252,10189.444153613395,14510.263187245615,868.9249297325198,1089.031268979351,14097.046274908025,18666.704346845294,932.977213838322,1173.3993432897555,1441.5036311963092
Cond_SB/StudySeq13,0.0,224.46626157913624,440.440318195984,648.502284814512,913.1104816853756,1215.3583496707995,8662.217002610163,13779.521944262364,913.0321674377193,1073.60345752137,11955.626633129097,16105.6794243806,987.0207175351829,1228.2232800317076,1480.7605120488347
Cond_SB/StudySeq14,0.0,184.28738400498344,363.29711287130135,541.8031220642174,750.7642083523023,988.2814245813897,6897.2346223910345,9672.957831913225,750.7460409059189,976.8920024138635,10189.516952927457,13597.039368721744,819.7675815887646,1035.0436962163483,1277.4938416137472
Cond_SB/StudySeq15,0.0,214.94078299231802,423.8109310262584,629.344443205921,879.0516877157099,1170.9854223331988,11554.850654066122,17321.14703533541,878.9861363789794,1110.6762569728917,14622.102108088653,19350.426175780027,954.2347160921679,1228.0215925404796,1564.1564138413423
Cond_SB/StudySeq16,0.0,219.40497587241128,439.7273675142121,661.3834398456161,932.3712701560288,1206.4084670336115,8163.09941010792,13812.734287670002,932.3043271657485,1174.716605603691,13035.36609324094,18679.774972440067,999.8818532870076,1242.9274008446505,1502.203430171266
Cond_SB/StudySeq17,0.0,189.3344746508545,370.52163444936116,542.107779166634,761.9565097026341,981.3847716692705,6823.012834322524,10425.007602255866,761.9332252793255,954.8650879383333,9739.60962366113,12254.75412896364,821.9125036252049,1052.7504363203182,1312.4457283109962
Cond_SB/StudySeq18,0.0,183.52363631551898,364.9132077414863,543.4744537807617,771.4137704962593,1001.656839271543,7613.399094212728,11755.91238176544,771.3892106372955,973.9393803082869,12770.663234254935,17036.219512576143,828.1260960093241,1054.029667800952,1318.8587075984972
Cond_SB/StudySeq19,0.0,211.3647321931215,423.85647128491627,638.0995647319296,901.2080791195707,1117.1819596760015,9611.249698653739,14419.97257017807,901.1575169817952,1073.714227940281,16411.168504604804,21084.292527653408,978.8418273665502,1240.0465516712125,1514.0203169234599
Cond_SB/StudySeq20,0.0,204.3135198447999,404.4626309429012,601.9595182854242,839.0594185575721,1149.830370292152,9856.854469257383,15000.402860996797,838.9982105338254,1074.0627509709598,13201.316405284817,17771.72759567018,904.9452478832447,1114.426702532792,1346.8424235820821
Cond_SB/StudySeq21,0.0,194.75363675952332,383.51281513636206,567.7595731415812,793.3753348803397,1062.8762565168763,6994.161859297166,10492.893487416151,793.3206560752944,1015.7652073149883,11931.968504877303,15156.294724944491,860.523005722054,1088.6488713540466,1340.6777979650979
Cond_SB/StudySeq22,0.0,176.55549205322973,349.381588931755,522.2658644964155,740.2476452194669,961.0144700105011,7717.112234265928,11720.847932137203,740.2084377197557,968.958305407391,12152.728083584589,15999.68526691885,795.3892280717675,1004.6955214117689,1242.3506646230026
Cond_SB/StudySeq23,0.0,219.0198804067404,428.3425302701239,629.3245519202757,886.3191168694356,1150.8930144840924,7906.463793597153,13584.381617739828,886.2469838290565,1119.736931131995,13594.165397756808,19955.570297875693,945.8891952868694,1161.8092893452344,1394.7587009087795
Cond_SB/StudySeq24,0.0,178.05780615634427,348.6414498390484,513.8313011248259,731.8829341105688,1021.5000691506895,7416.436587922442,10543.23446846088,731.8310032356753,925.9546169611268,10381.043603511744,13491.345142370446,785.5233082740306,998.1625262363189,1233.91205960277
Cond_SB/StudySeq25,0.0,203.13074499688884,402.499495102399,597.7035732727827,837.1933119430638,1076.9547742672082,8775.218395023454,13332.64284754514,837.1453198259724,1034.8150570594894,12485.693198614139,17863.362951910232,908.1328798516502,1148.2363828176417,1404.7398548909841
Cond_SB/StudySeq26,0.0,209.72011319244174,412.432685208572,605.664047821855,828.40646436106,1145.2282543538715,8892.08220378738,14759.590412843045,828.3358614499535,996.3694581259773,12870.537793021569,18492.315611794536,895.391834289413,1120.240961040614,1387.3552232767156
Cond_SB/StudySeq27,0.0,186.50188536277315,366.3911220480896,543.2228890382281,758.5224979553618,1035.7476035713673,10076.125143242927,15223.768089236512,758.4426986515854,944.9480076368591,12605.014467757574,18054.387828035015,820.3647116008682,1039.910394970665,1286.860369733683
Cond_SB/StudySeq28,0.0,177.8528476663659,355.28083253789464,533.3107786629123,772.2427928391784,1004.1876253003409,6580.092246366029,10538.939553859713,772.210632854966,994.4659980507695,11595.579982239733,16060.551707619368,817.2989355826091,1032.4728327780717,1266.5621775351933
Cond_SB/StudySeq29,0.0,189.13224094445692,379.72165069138356,570.0152122092309,795.8166999496926,1034.7478426491864,7845.026936452126,12217.237926051801,795.7922426314889,991.4897661164679,12449.859999197653,15941.116414749333,865.4039963172406,1109.3246294050543,1386.964901847658
Cond_SB/StudySeq30,0.0,216.83277204224453,423.1718804268305,617.6446800629751,860.1179740590956,1171.492285337567,9429.56986773746,14517.902486215871,860.059534122874,1077.0993800960823,15131.202903118206,21639.156534358557,919.6216591747179,1143.0802870355537,1401.8631071596187
Cond_SB/StudySeq31,0.0,215.31555692315294,424.23826310956287,630.9413800433501,891.3079568713974,1146.232737563024,10712.446983106449,16561.934518286205,891.2801840790826,1185.104874442064,13976.390397187786,20150.225627076135,963.087457467637,1214.1836628363876,1519.0859295900595
Cond_SB/StudySeq32,0.0,197.32259555789943,391.7413421180385,586.6328741760783,828.0303040651065,1094.5318090684978,9534.09634809625,13668.302992280474,827.9948465901318,1055.0772257518909,14060.210388970316,17933.58744784732,892.0836040672884,1106.105667320293,1336.3597709190367
Cond_SB/StudySeq33,0.0,195.84000820781515,387.1107641352055,576.5761103078256,810.189790165251,1043.923731664381,8436.27619821993,13430.334759813213,810.1507962112464,974.2204695096972,11492.309147779193,16196.796426890203,876.2181725082858,1093.0677318750845,1332.7902100707734
Cond_SB/StudySeq34,0.0,246.58870349240232,492.0573434307646,735.1094047518983,1041.1193162740074,1387.7590228829872,10643.471451939286,18470.633569135203,1041.0539530702465,1293.4687919249393,18583.4046141546,30609.596078262548,1128.0305815111662,1443.6762327253236,1785.9111824288195
Cond_SB/StudySeq35,0.0,186.5201681776221,368.0317959394346,543.2688764317757,758.6794872728716,986.8269337784669,8686.64563950799,12106.50333857532,758.6527561733965,989.4909972730591,11358.372425477897,13719.867784964836,817.5730726008633,1021.4233689439968,1255.272076053345
Cond_SB/StudySeq36,0.0,198.8170724385483,391.2424495762999,575.9633643036465,800.3779600380029,1009.4901828637915,8275.045460454712,12126.004795405222,800.3149515727584,946.1029245065042,11744.94414595754,15994.712560095755,868.2856472370752,1098.3621715105426,1360.0259571419892
Cond_SB/StudySeq37,0.0,193.15605478259295,383.1810027141276,570.2856176077419,808.2365653467042,1099.6597285808225,8872.78723411606,13739.59049290303,808.1467466898699,990.0289252403079,12197.86499742562,17539.040378378308,870.1503612627209,1111.0543418245543,1386.0100731767811
Cond_SB/StudySeq38,0.0,197.785144963343,391.54059872233967,582.8129301325592,840.0707621690983,1112.181615118724,8684.443006335401,14217.17238915289,840.0159067675347,1063.2832019500102,13821.542009031094,19863.670862672436,895.0482326888516,1134.3210835058244,1416.2074839400798
Cond_SB/StudySeq39,0.0,181.18864201480957,359.50398497940216,533.7649370152134,752.1751201723417,1008.0861762591949,8317.76745422915,12185.394960244092,752.1373374759587,1035.9774106504842,12384.777190871326,16063.35296518685,817.3084225752291,1034.787280183215,1291.9925962164118
Cond_SB/StudySeq40,0.0,181.63900938795155,354.8826491049608,515.4935588165208,721.0593676517126,968.2412406839057,7023.2496561699745,10341.379383757198,721.0008729602864,885.902078202239,11944.004950017777,15786.817772654831,766.6408035502129,965.3304901521949,1189.7305017663086
Cond_SC/StudySeq1,0.0,296.016648958622,612.0869229033124,947.5363048560769,1231.021218782876,1695.566017417947,3269.776104423794,6099.707557348728,1231.03040173942,1602.5843198625273,2859.8112216311943,5058.865321287512,1366.2481030341748,1654.5919981179482,1965.7069681054268
Cond_SC/StudySeq2,0.0,262.30192235440484,545.811005581347,847.4747416184866,1145.7269532715814,1510.3468761383642,2842.8242427790456,5385.653283330756,1145.7408710249579,1503.1542200173913,2880.761870599292,5220.485578381089,1251.2577050046152,1550.232060941121,1834.8026283760582
Cond_SC/StudySeq3,0.0,213.1247545156299,444.34329010411705,690.1168805442635,933.5682002919475,1122.2534152390908,1738.9090809261183,3783.6463307437725,933.6077828360467,1265.5810477732896,2510.175706364223,4214.238383631429,996.565587519284,1213.0279605416504,1422.7005671028949
Cond_SC/StudySeq4,0.0,263.3040982113632,546.7383500480969,859.6833610143565,1180.6466975263206,1447.0771899985689,2835.5871016305678,5254.828457852593,1180.6088915960374,1434.163241021212,2914.0764236157183,4683.212126685512,1274.2319494414264,1589.8309812348712,1926.5375396737654
Cond_SC/StudySeq5,0.0,484.0387825498607,970.2508949433536,1471.7416962276097,1978.2909664614895,2493.9343343070886,4976.31436704783,8732.15396138545,1978.3436212467552,2350.628899947118,7312.5394998959455,14805.762564489054,2194.9009732468653,2734.1069404105056,3312.14186928758
Cond_SC/StudySeq6,0.0,186.68501220493124,382.8382982383048,586.3842186493073,795.0265754336975,1150.3011053557357,2890.5464138789293,4752.54797831307,794.9885762109875,1130.5783795931375,2577.759850869481,4646.053311244537,865.198026320978,1059.6912425592325,1277.0241987430493
Cond_SC/StudySeq7,0.0,258.59516638446803,530.5209359696371,813.9083946573073,1078.3725659153151,1470.9306840641539,3139.6738611179935,5306.488785272827,1078.3255274138492,1420.4236238742362,2619.0087102679254,4609.719129017339,1183.938872980893,1452.628229899242,1755.6809601253185
Cond_SC/StudySeq8,0.0,261.2408847988062,537.7371220849082,821.0495582283017,1072.5071729216427,1542.0714906976823,4053.5526718405204,7946.601198345776,1072.5567771333901,1498.3550493370237,2827.6049282851827,5462.315094750697,1189.8828608806803,1463.331298010526,1773.422733489267
Cond_SC/StudySeq9,0.0,276.75637662958917,571.2462490741764,887.3285612266243,1186.2470472341204,1906.3944234378964,3863.8553103341496,6970.128683507114,1186.217877044446,1714.371686993388,3916.7639678571195,5519.455033656734,1305.0390786469052,1605.2439839221938,1925.4006655931248
Cond_SC/StudySeq10,0.0,209.2004125206696,441.08812357211843,686.8144689886967,924.893736798753,1376.6852090950215,2486.553254308562,5014.368224846605,924.9177271703905,1402.5435957400614,2841.2117480570937,5156.545885533568,1020.4075891774933,1234.3054853395322,1432.3332033992433
Cond_SC/StudySeq11,0.0,195.9623772457462,408.51403890384506,630.9720489050585,866.5044166572119,1255.1632867695116,2531.5890504715944,4139.399437364725,866.5127856267799,1314.3348788543235,2675.754358867449,4356.600750833334,923.0286991330779,1098.5954737761167,1266.5741450532619
Cond_SC/StudySeq12,0.0,222.097689960342,464.3321202105192,714.9981491365965,952.051926304123,1507.6153116659477,3411.2093222806384,6157.221953321409,952.0292919101641,1419.9278590788772,2948.011789732948,5060.386531461944,1030.8619844893824,1249.7725318624107,1485.6848448436156
Cond_SC/StudySeq13,0.0,267.95162173158985,549.3342101156015,841.0290927389244,1145.8521800978517,1579.958385981703,3425.933037647778,5788.683232824419,1145.8746400931766,1712.3066225758266,3962.6198432685333,7089.893873940305,1249.4191181009535,1557.250682615906,1872.9617613546704
Cond_SC/StudySeq14,0.0,236.19888632798236,486.1903850974759,745.6137621831883,1001.1055405794231,1422.2918251586395,4197.648447459662,6875.007086467556,1001.0797705061334,1355.6171972560523,3387.3979564004235,6023.891146793932,1088.0472347021114,1328.259754783228,1577.476586841618
Cond_SC/StudySeq15,0.0,282.600168697454,578.1345915148061,885.7777940968658,1202.280509552261,1620.4703984429816,4021.213046053717,6615.576997126949,1202.2806700877481,1730.1595367208633,3457.4482790665443,7121.213281432432,1301.4464009313174,1585.5881630272488,1884.7029842179822
Cond_SC/StudySeq16,0.0,296.64890688600883,608.7788478701902,933.7473491931462,1278.9915605069755,1559.8288304425746,2326.797801135352,4421.164054407398,1278.9375759967118,1616.8006939860284,2557.7597044250565,4749.849350418326,1372.940304528095,1664.3095280838816,1948.2703643974728
Cond_SC/StudySeq17,0.0,366.4330363622713,755.2516833473026,1186.6212865299437,1622.2586227881081,2190.958949303621,4688.900190315224,7953.8368346258485,1622.2987390880344,2373.6372335189276,4328.430931273896,7829.139937667325,1757.0745847406854,2149.2179463309976,2545.1744329273934
Cond_SC/StudySeq18,0.0,229.02164644818845,478.77420096077856,757.7477989904731,1043.4409917198486,1450.8277014067212,2509.984510093163,4815.012392745429,1043.3926547920598,1424.1457802434209,2611.340222792423,5212.545595755479,1131.0289573396499,1388.4546986358143,1622.607687263976
Cond_SC/StudySeq19,0.0,204.62403735323366,422.7949911412671,660.9821511560656,917.5459199977379,1190.2467799885312,1695.3768325942806,3293.430933227494,917.555916008446,1230.0187776417729,2000.9350970091148,3479.0651767217355,985.94952415392,1200.1841481365987,1380.6264790850973
Cond_SC/StudySeq20,0.0,179.29760155533134,372.7054710060233,583.9354164344819,803.017525505312,1058.267284498346,1647.3549494514318,3274.647328169257,803.0153028770684,1090.5296621046127,2103.060384136501,3631.252435288329,863.6437626701479,1058.065066954396,1227.846442365324
Cond_SC/StudySeq21,0.0,300.28339049233085,628.1242503561479,969.0667432151655,1345.943847368323,2031.126927536434,4829.363280957892,8279.696340912325,1345.9685178342354,2060.3253061266246,3659.0336181820603,6236.807185932967,1448.0571534517978,1793.7563664515744,2142.4565717732607
Cond_SC/StudySeq22,0.0,219.14040841044323,457.7429866157058,702.7698592157274,933.4572773754486,1327.7109440118215,2078.0077116114053,4091.340700735416,933.4394512858191,1519.5345887506537,2904.2563981183357,5829.661673980455,1016.924176856885,1216.1665748200264,1426.7137732645222
Cond_SC/StudySeq23,0.0,196.83999686450292,409.18267063557664,628.6658464724566,854.3381538452368,1230.7364865637255,1975.4583934997254,3970.1975638841823,854.3654898593618,1415.7562084230617,3247.9601205611625,5297.362780433499,919.7125703837843,1118.7397277186276,1316.98982477368
Cond_SC/StudySeq24,0.0,263.0042681699276,554.8608467709354,860.9625331673334,1186.5028374005974,1689.410760662966,3108.0408434496776,4977.565049436915,1186.464944678367,1753.0561015869582,3335.180757085079,5869.26561954324,1281.1258263874593,1578.1837048282466,1862.991162693231
Cond_SC/StudySeq25,0.0,199.91626779022323,417.98663042423595,646.0131729741793,884.4748799853825,1301.3689706209268,2541.0300113626677,4262.070095159483,884.4683889847361,1381.9498829077993,2639.3107317731547,4268.815378789639,961.3360707635334,1181.7536464622879,1398.4086370573934
Cond_SC/StudySeq26,0.0,351.9561935595515,701.669749282571,1041.9434601926628,1271.9180395928654,2060.3121349478315,6761.585512274771,11476.049801131938,1271.9192995523772,2607.874684710013,4836.749157654286,10697.576319166805,1340.2168949050517,1554.1104443856714,1938.173331583584
Cond_SC/StudySeq27,0.0,224.76980719672662,470.07566059330475,728.0889025292311,1009.3920196718635,1493.4698802076591,3156.858022779682,5264.450230128457,1009.4582529836116,1571.495773077068,2921.0901006410863,5619.100050483103,1069.2090893995,1286.433170831715,1511.7320150457663
Cond_SC/StudySeq28,0.0,209.42699831776682,435.9953207796532,672.7675624453149,927.0794127085508,1411.239304705829,3459.6011174893274,5841.548968387952,927.0957920677546,1426.8711929906572,2632.8042141246733,4732.879880218885,986.366217376795,1207.7356968583827,1449.1899950764805
Cond_SC/StudySeq29,0.0,233.15509049330498,487.43281123262716,754.4538238676339,1014.1485754577316,1729.8419096231078,3993.873915671855,7463.152198135613,1014.1114356199726,1445.7645593413126,2241.0951723444723,4147.489372466913,1106.2284078056982,1337.576241294986,1589.8482519357744
Cond_SC/StudySeq30,0.0,321.7599731277975,661.7210914291743,1045.6109368296743,1422.360369236727,1830.4472518993157,3067.6096959519778,6741.945354501995,1422.3468237065636,1972.5412754428305,4382.172907735053,8758.962927698962,1535.2450859452765,1796.9685311270496,1935.6540869513715
Cond_SC/StudySeq31,0.0,247.18626507627945,512.2118301401456,789.5341192303038,1070.9376457344877,1398.3649771692671,1979.376288613594,4103.280061418784,1070.9900208810834,1619.9602525146038,3256.242909919023,5870.458099847848,1146.3465297154144,1384.8154730566785,1600.790204976154
Cond_SC/StudySeq32,0.0,236.05413437798887,488.24830314900896,764.9066400765569,1038.9995784349076,1462.105899043705,2165.566954823707,4296.31904103628,1039.0012817088568,1683.2803085450682,3213.5034981340755,6287.775506915021,1131.6771363910173,1373.5603880723002,1576.4055181517415
Cond_SC/StudySeq33,0.0,256.32112050630474,531.9403633805609,834.762773697944,1125.5435471054432,1437.6429847819732,2550.692825412911,4102.6983018469755,1125.5502969088618,1611.4229564148927,2987.7459135462664,5329.78242683993,1224.8822703225667,1467.391327087115,1678.9264399946353
Cond_SC/StudySeq34,0.0,405.50289178317706,840.3379206210632,1319.2056521544205,1824.6051393228258,2461.4446937989073,3777.2539627112483,9368.452853849254,1824.6491059432956,2430.1552771654965,3800.134962766696,8112.817026696553,1984.78707523459,2449.7377331554926,2912.5679857616706
Cond_SC/StudySeq35,0.0,236.05787089608103,490.96181483215764,762.6652598639928,1060.4294856013435,1416.4392974001064,2705.678289803223,5159.433185658092,1060.4519006647806,1421.074574599247,2862.5184464398535,4964.087823264632,1133.0070576060748,1400.2178389853707,1660.0992085005996
Cond_SC/StudySeq36,0.0,249.97598016795126,519.2450583766454,817.1302220739228,1135.8249637347853,1575.7494783818263,2728.9648007276105,4298.7632338849935,1135.857284290209,1570.8517021938667,2293.01064047467,3427.9596012515726,1222.54957304469,1477.3876390510673,1691.566761681252
Cond_SC/StudySeq37,0.0,197.31738267976522,414.14567209846786,654.627205771626,927.1977395429343,1324.7131370971895,2323.736303059896,4245.075163911161,927.1731085973449,1340.751440467271,3837.325815393074,6950.3719604702055,986.1222216790042,1200.27267309221,1424.9735388768681
Cond_SC/StudySeq38,0.0,230.48290724591146,482.8642877656907,757.4203265864485,1024.544493938002,1330.829511717995,1928.7250028299377,3782.9224887165246,1024.5973695455725,1482.8812503326185,2743.295850694414,5125.257064031111,1113.6980110033905,1345.4241465705663,1517.6889117739092
Cond_SC/StudySeq39,0.0,207.7835930853608,434.6041093769186,682.7526628799103,913.148707953442,1142.059471476963,1694.0604932693348,3347.715774281978,913.2180475219222,1377.7121240699735,2932.7577117464148,4994.5176662823405,994.7678680673658,1187.0451763488757,1357.2163921051292
Cond_SC/StudySeq40,0.0,203.33479839923712,423.34194992662697,665.5694110870618,907.337881614351,1294.6976076972924,1938.116692105552,3631.286642648868,907.3171073512208,1147.3445685341112,2036.1769091334713,3358.616445505799,976.9450493436392,1180.6623009503462,1383.7852092484245
Cond_SD/StudySeq1,0.0,68.45517749096669,147.41852370580284,231.4167237872698,317.24356544108724,456.0818588242894,1918.431382657388,3908.719907089099,317.2567474259008,487.4376638084443,2147.306336427674,4473.173053677775,352.5417237674469,440.60692289015157,542.192153990333
Cond_SD/StudySeq2,0.0,75.93845809801024,161.75417777602064,257.909893151127,353.7432635073769,488.44932469408843,1796.7128946125267,3798.090261825275,353.71547999462405,494.8078290290995,2420.925698225476,3653.937199522047,400.60737866177277,524.1307121609354,642.7220915674434
Cond_SD/StudySeq3,0.0,73.42229496973447,154.1573384964237,240.94143149068114,334.9762791036186,461.30135207963036,1515.590732131898,4045.6444710698124,334.9526324471356,439.84672884971826,1335.4992815605628,2545.930471645168,369.6060026325914,473.7429203899949,581.9918248233113
Cond_SD/StudySeq4,0.0,65.95427035094758,140.56786778477516,222.52730797119744,315.15202357002715,401.0895811682221,1916.487900698395,3703.1142360038584,315.17064831307783,428.13077561702556,1372.4106206511306,2726.78217757931,346.1999205540154,430.10791613527533,528.5430330374597
Cond_SD/StudySeq5,0.0,79.86014114482869,164.4896038705959,257.4725509641898,338.34358797226173,479.9092542094763,2068.6427024259287,3664.4819823902712,338.3245046241393,444.7817251548835,1916.2385763199436,2933.8356784085054,380.46516062955567,480.48040303640386,591.5464783775498
Cond_SD/StudySeq6,0.0,56.77698454278328,119.23738362818781,187.75618926430565,259.89571655301125,351.7960105303519,1659.3727429053174,3007.5187990036034,259.9033521950628,366.41032068635195,1783.413859627825,3578.856252173164,284.0835014896749,363.3679696708929,464.26519111662003
Cond_SD/StudySeq7,0.0,77.2195867772696,163.6267566438175,260.192487943643,372.6472707401748,504.2790512187315,2186.390685910522,4478.05991088554,372.6581117629937,530.6173864173609,2477.970365811353,4615.767719924108,408.93611656995,517.6269815894352,645.6680075409133
Cond_SD/StudySeq8,0.0,91.27704724896275,190.66275947196002,300.0997625649136,422.3185306731506,504.9610050861066,1581.8080042098154,3008.5869754509113,422.3620128957392,649.7706285738428,2122.2380009054364,3281.4473423992495,464.07421578251075,600.9224599381689,748.4128375830875
Cond_SD/StudySeq9,0.0,53.76794304751995,115.16891916779491,182.55982907322573,256.1235439848918,356.15140435087403,1862.9925974734529,2887.4385234061583,256.152927145376,414.6677815940528,2245.7787659163982,3460.711097467872,283.1389513960033,369.1262633881942,472.9141547854779
Cond_SD/StudySeq10,0.0,78.96714821455956,164.3823151921902,251.72669534494642,348.6855777313557,403.4544111652748,1646.7948263812996,3393.7796978034817,348.69549729361944,467.69319248415934,1619.5739639325852,2938.4356843455776,377.9247744127122,487.2725292519697,605.708357241189
Cond_SD/StudySeq11,0.0,62.20635247032398,133.03357237725936,210.65659957316896,298.28416218184805,347.621938155783,1606.6072941850634,2538.5445443137487,298.32337374446706,423.34781733522783,1832.8404963671614,3591.446847729316,323.89423166910086,405.48793954184254,498.40808316525823
Cond_SD/StudySeq12,0.0,60.459536793012305,128.59273978003802,204.8132622942464,285.8189527352529,323.5509049669178,1909.7024615335613,4015.068759808873,285.85753302752045,424.28717411921076,1864.658523949545,3877.815522263361,312.707496070085,397.2966082217579,492.9720867991449
Cond_SD/StudySeq13,0.0,78.29649196625195,166.35423571332865,265.1765095964786,364.4449010028063,505.448285540131,1651.6048799362807,2740.6502129078763,364.4450399082768,532.1647891103703,2163.140936555196,2959.8948952541414,405.32657592645467,511.42613401277254,634.7878780241621
Cond_SD/StudySeq14,0.0,63.701477450357714,132.99637374563423,210.15722871661407,294.582127007037,453.9403136448374,1814.9797090576085,3445.011616337538,294.55639056029594,383.190464308963,1873.2883576514698,3315.1679690435367,321.65323903958654,403.4746334463654,496.51118005441265
Cond_SD/StudySeq15,0.0,67.10388420973621,141.4971629540006,224.14452849223204,307.79291978121694,444.52593312775616,1650.2651897903033,2672.8555057647422,307.7761948765316,441.6138552495205,1738.8926444189567,2703.034513208399,341.38900145893115,438.06552160921115,545.7167839162996
Cond_SD/StudySeq16,0.0,66.80710281877964,140.7577735149215,223.89694252788132,312.7768641719962,418.4209738044938,1448.148493815229,3459.7572777580626,312.74746863207747,406.3011770555798,1397.4503011092493,2758.378727072467,344.6940023094212,445.2962189930889,563.8148130710608
Cond_SD/StudySeq17,0.0,80.62780243656441,167.05607743369427,263.7977397211404,373.14989256595754,487.1850022152816,1993.6082628151617,3668.3361492023996,373.13060450205876,525.3326487308514,1993.0876796447776,3528.7433854919946,408.7661171590045,502.24443013101416,603.5159166686999
Cond_SD/StudySeq18,0.0,56.51137745154631,121.2094380331367,191.11714908969023,273.3313855956993,343.26367810394584,1396.451833063344,3991.643337737821,273.3506564844653,416.0036140688132,1602.7557631108266,3128.091101636969,300.75295075112143,395.1918598745792,497.1219131526535
Cond_SD/StudySeq19,0.0,68.21094056650395,144.0924765046974,226.84584058820363,317.9221381965509,354.69774968012086,990.0442603746741,2294.883632057904,317.95813498035494,447.85305732749583,1212.7374104871476,2066.7765057687775,347.72579207597295,427.8371694853046,512.7131812285177
Cond_SD/StudySeq20,0.0,58.02054693366639,122.66531133662929,194.2461642766292,271.2382939943729,295.56670217159643,1019.5866695211542,2372.337808009433,271.27815284255314,401.9791605818759,993.4745987358938,2018.3109015782516,297.5138549552088,362.77351118323963,436.2232220443314
Cond_SD/StudySeq21,0.0,76.1602622269073,157.66173703957364,245.71519699628686,336.3442256106471,456.2922547224741,1676.1544726335555,4294.16835711578,336.3568501148751,472.856154981119,3968.351882305137,6201.574682711291,372.51949110229447,470.5534990751252,576.5357178979232
Cond_SD/StudySeq22,0.0,74.53872175829522,158.14434239377854,246.56781023351311,349.51930425821894,478.3007640970835,2236.0713265803333,5194.25877581558,349.5275955768645,493.93792079447286,2301.705049895256,3653.9199484280007,374.5098969779889,467.611488886899,575.9673004657891
Cond_SD/StudySeq23,0.0,70.25690006638455,145.50972634087998,227.46548806047537,312.13798987293524,391.14875982284195,1668.5238793290148,3152.3482893511155,312.16517028406815,448.0944492254864,1814.0743378336906,3058.6959482582542,341.8708504465667,414.5935001694294,490.8920342433181
Cond_SD/StudySeq24,0.0,71.86162786575095,149.84714753755134,237.37500182913166,333.31605540428234,437.9022205028974,1684.0253325278811,3644.1713095914456,333.29199533385116,427.04033095469896,1428.2308895630297,3095.8890304480287,362.558728344737,454.34664637713854,562.1842204094457
Cond_SD/StudySeq25,0.0,80.40114900251815,168.73402536445377,263.8098508395175,361.4030932205296,473.59941328352465,1937.6345914605627,3773.552904903943,361.4324193788201,543.2539628424518,1771.7430435144915,3500.1503314671168,395.80237658811143,498.57631061067457,607.2244723972223
Cond_SD/StudySeq26,0.0,67.31110107873052,142.25312239568294,225.47323257499067,320.1533121501638,390.1968772351653,1542.6555862126315,2990.1717217617797,320.15202014238974,388.4749094123773,1677.0496037779317,2831.9595641560363,347.15405823032944,433.2926043197662,532.6362926882723
Cond_SD/StudySeq27,0.0,69.78912882064404,148.57458863681344,235.45837900455842,327.731455168585,399.28216919417764,1857.8454010481123,4126.949608620915,327.74566091154105,424.70969120677876,1596.0593473071708,2695.397333671972,355.5357978049267,432.98181957065367,520.9228467122551
Cond_SD/StudySeq28,0.0,86.4497195383191,181.61528647597584,282.6224528972217,395.31939852245614,532.4816872147351,1735.138108690218,4250.607813114768,395.29888642770095,539.6337861400397,2602.815304367619,3926.545014030711,421.26326795544276,533.2769660678698,654.1432406834101
Cond_SD/StudySeq29,0.0,63.99899897979843,136.1159429123254,215.7206451165838,303.6016762071281,391.12217878501826,1840.561484693433,4362.764142343971,303.6415865828859,471.65608959012417,1968.4759321732463,3571.683705698376,335.0840723712713,430.0593564836521,543.70405340224
Cond_SD/StudySeq30,0.0,71.59770379594171,150.66858086634315,238.14018540867858,326.8518677891792,372.37612433436306,1535.0751569216711,3528.5320996358005,326.87840664928336,496.6036587795404,1956.5482061168777,3304.513725957504,362.4363162063307,467.6646474028204,587.4441661956168
Cond_SD/StudySeq31,0.0,60.635032354564196,127.86928656729123,200.11282192500815,277.805778136015,333.4613701847984,1316.1615447377028,2622.407412951574,277.79857556145333,350.90203552563185,1398.4357982298939,2118.167613149547,307.9661880320685,397.2547348183674,499.0982767288469
Cond_SD/StudySeq32,0.0,62.78734085243074,130.76789965605258,197.81825450970956,266.23919179784036,331.74672680601407,1870.429446482533,4078.6687909204184,266.2989041951886,437.01748797884756,2528.5734858610913,4565.961980519585,296.97185371481044,400.19549655163985,524.3860856688797
Cond_SD/StudySeq33,0.0,66.49777422602142,137.32883321506824,212.06414510362129,294.5091874561527,365.6565559304707,1979.6056360770372,3730.5263352841175,294.50332575695234,340.2010618868552,2028.4854620390097,3503.6081384781573,327.4938290203909,432.715858690264,545.8938367308547
Cond_SD/StudySeq34,0.0,69.35597513253907,145.97761584990263,233.97756040958345,323.95089994001614,429.76234466978946,2008.35039289937,5146.644326883752,323.95753636357966,489.59964206855284,2732.6273617327206,5416.2429374601115,356.8824380290064,439.8743278137936,514.5267852322868
Cond_SD/StudySeq35,0.0,73.13269024803938,157.90189306226256,250.69795593844898,351.546426515137,454.78486892168945,2154.853713424087,4317.612997541329,351.5705846119346,458.25156895445815,1436.0021083443623,2424.544679981407,384.6451824869718,481.73703994252213,588.5807260870295
Cond_SD/StudySeq36,0.0,53.35091685778646,113.73942812364103,180.63840712690325,250.06771793680866,343.30932851826276,1484.4801299929625,3289.966827109116,250.0870198998648,351.5300550588746,1224.8835205832195,2778.510496089473,275.7638051877151,336.02350681372405,401.6928448386736
Cond_SD/StudySeq37,0.0,76.54038558484638,161.82480365551044,255.48474280631945,352.34047208717016,500.87628977947577,1876.4816674163174,4112.973383366929,352.34627819303086,497.5780952165161,2044.9650379347406,4191.122452424307,386.2506994979884,473.8509475594565,563.642736706319
Cond_SD/StudySeq38,0.0,46.2757775394027,95.62121817547464,152.48365315727392,223.6670251185808,313.42335786308115,1065.4582195669013,2779.840765572963,223.6628827587473,295.3582546446534,1356.1210698233126,2794.0128096938597,242.47435113442836,311.03475736640036,380.1473839192724
Cond_SD/StudySeq39,0.0,56.40352680484569,120.45695460313958,191.75588782498073,265.49496314956093,411.6192764252679,1431.5565008677,3431.3250721886616,265.47626537697136,338.7456611342219,1391.0866545307829,2461.524907141124,292.56507048559024,365.73591202586675,456.3563930473854
Cond_SD/StudySeq40,0.0,38.68029642202599,84.76515237046037,134.33919872583985,180.65156069799085,229.44829227007926,1365.6672881710163,2542.890029929094,180.69185503434582,285.6117628862014,897.789745751993,1453.5479436430473,201.92410935420372,246.37511686529075,303.81936476875643
Cond_SE/StudySeq1,0.0,230.76748104402614,483.2029237852617,776.8951352490154,1036.9036632613347,1580.4078541963713,2652.5758700329134,4585.46495686568,1036.8509346543174,1228.2242251784617,2515.0023697304555,6000.352577969401,1144.2722988664675,1341.4260789510056,1533.59071863193
Cond_SE/StudySeq2,0.0,300.87430219224376,624.9170543934143,998.0569867207959,1320.0719920188017,2108.1778802890185,3117.9802178004384,5948.897372477595,1319.9801958929809,1547.8428076968935,2433.970441098498,6047.407525499544,1459.922336513416,1698.684779095222,1927.7551454974841
Cond_SE/StudySeq3,0.0,179.85294120379,367.8072000075017,584.3236581199868,791.1441817607437,1257.434121563921,2606.6800592300197,6192.386021675222,791.0970534960314,1008.2796839484927,2511.347357658935,6093.099349983475,872.1912167677262,1040.783597296703,1205.5680862858346
Cond_SE/StudySeq4,0.0,168.99484588242032,352.4497071509822,562.7361240081132,761.3151879041453,1192.5308683222333,2432.494108600674,5965.713357584254,761.2640973114728,964.3366425462482,2271.783740206692,6405.8875461914795,834.7969395469869,986.8624727265264,1130.5480261754005
Cond_SE/StudySeq5,0.0,320.21074855124846,632.0893497830448,978.8931442079959,1298.7412009824604,1987.6073351410002,2789.6918241330413,3766.8496844696383,1298.7432652192406,1628.033467290265,3292.358830792787,5632.025550288144,1433.5870247146959,1667.872730662633,1890.609445199479
Cond_SE/StudySeq6,0.0,245.88076721854407,478.37785551406176,751.8982646223953,1017.597397857156,1565.3313587398106,2835.779832270213,6851.192313355861,1017.5570703507171,1294.1241795474482,2506.943732866459,5665.610921161824,1122.4722647854917,1275.5702452645137,1420.1727222132786
Cond_SE/StudySeq7,0.0,157.29402786142703,323.6464341470452,521.1939208808669,730.1298099150141,985.3574201215666,2320.4928434005633,5138.197870117792,730.1284677118081,926.3265656289866,2922.2376494438113,5357.38351284287,805.4198179845841,970.863452425125,1115.4456265421586
Cond_SE/StudySeq8,0.0,212.50412383260942,423.8487794517572,662.5412273831673,878.491766303122,1486.2349840198494,3668.2021800813163,5163.742743017685,878.4478913261602,1170.9379295783951,3560.563179469158,5194.6032409700365,980.2901993416353,1136.349907736093,1287.2349101392617
Cond_SE/StudySeq9,0.0,263.7210435437553,524.9545655072536,816.2040540388434,1071.0103399820423,1750.7305108753612,3081.366972984705,6575.290284816616,1070.961290407233,1313.2923446617338,2607.9279306897097,6492.4512901660255,1190.0178497147533,1393.1442158955379,1598.8423253832023
Cond_SE/StudySeq10,0.0,264.5370249274968,527.9760995353215,815.9176820154207,1081.8949873159277,1708.2374129966379,2354.7263535546804,4198.33773002896,1081.8624316913597,1268.15916238478,2247.345389203881,4553.337959832382,1197.6504520693745,1417.3036516887646,1636.0225976411612
Cond_SE/StudySeq11,0.0,213.3987383000978,423.0479659572162,661.5053850009258,906.551325748012,1394.7180820640979,2956.5225837089056,4793.359199312405,906.5242953106836,1110.4050173151386,3887.5460835177255,6106.370476555845,990.0877733301072,1163.0441431204022,1333.09846220879
Cond_SE/StudySeq12,0.0,242.2771057629186,477.11040815833024,756.8142071804007,1031.6082659471429,1565.7258683534917,2280.805469650612,4172.514517544363,1031.5615580893116,1320.5994719193936,1991.507205233353,4833.8576379738315,1136.3830435834645,1303.2293359884025,1459.806985132514
Cond_SE/StudySeq13,0.0,87.44380837021566,181.2843000116589,294.1487475300132,423.83742732182657,642.4469246792438,2604.0353896352344,5901.240017052652,423.83784052646877,621.8135910696119,2561.7777954594367,6029.479631950621,458.8271338404578,551.6925664718583,643.1024581944258
Cond_SE/StudySeq14,0.0,94.10834993803124,191.14771230137995,304.2829092855985,445.4024844864208,602.5290814676989,1704.3519318295075,4779.447519543197,445.4162465975517,647.6410848064131,2669.7739683491723,5686.881154877733,477.5252567869947,589.5239853113372,699.611844955909
Cond_SE/StudySeq15,0.0,109.13960929155557,230.03290716450707,378.58250121951835,555.7749423415771,726.9950721279058,2568.4138529966085,6043.888231298301,555.8102142548081,874.9839527334615,4251.256741058165,8849.93859909894,603.0792295669761,739.2627027695271,874.7640572795682
Cond_SE/StudySeq16,0.0,118.84833239945746,243.11026631635482,391.00550378225245,558.6935699146737,747.3226838553313,1570.8261637506748,4209.57297268862,558.7128741943253,789.3676583423264,2271.4163976689742,5133.234897893039,604.2430528799373,729.0544046078967,849.2749555138314
Cond_SE/StudySeq17,0.0,107.34635265723726,219.74538200953174,350.62852199702695,477.94901510302407,648.9513401481054,1781.2676985427652,4343.706645064344,477.987185068783,670.5411909903427,2259.2640657791885,5057.505557127732,527.8250936971599,639.6983261063522,753.5988562634643
Cond_SE/StudySeq18,0.0,120.15365971002595,246.47370925834238,393.09558269315886,546.4867150452931,772.701603196512,2051.0229793116114,6197.205884309022,546.5092244828228,698.6003023946994,2103.14022961406,5620.183720335783,591.7541296790251,705.1071812898796,815.8799319524542
Cond_SE/StudySeq19,0.0,88.03358599078265,181.46878172683626,288.7886440394525,419.1072278432141,580.8695598930419,1479.6027685069405,5377.870991719292,419.1132619618998,553.4969304916693,1714.289047302338,5342.627022048264,448.34353162313397,548.0642148265971,646.447151770278
Cond_SE/StudySeq20,0.0,139.44835579508552,286.4277862062693,451.89514593139427,630.3150578367507,874.0580952979086,1896.2292089045263,4217.306840190083,630.3269032348004,765.1615109896702,1997.3325547756435,5580.980620320466,685.8185063551132,843.689383517181,998.7064359859822
Cond_SE/StudySeq21,0.0,254.27203542723956,514.1327923267979,803.6741571877387,1044.6947523768224,1631.6085097219045,3127.039168047906,6952.668191808278,1044.6520704975208,1251.1286776158572,3361.525676613056,6080.11173691953,1166.457815544847,1371.855868570467,1574.4703072439404
Cond_SE/StudySeq22,0.0,179.72113749200457,359.0541424805798,561.3954544572416,764.7148943369971,1298.0718514608418,3116.8222743224733,6132.517019890737,764.6745140527129,1042.7263509480101,2760.306523205678,4863.701511873974,832.2275540769482,979.8397052663319,1127.7957673603596
Cond_SE/StudySeq23,0.0,320.19613332374354,644.429550759724,1002.7672531172477,1337.8814855067321,2114.006219989596,2987.5344484231655,5393.287149101176,1337.8278686792216,1539.172730979922,2524.131280674893,6364.1311263628795,1478.3371660459447,1762.4623420486162,2044.0999358793747
Cond_SE/StudySeq24,0.0,145.40371677992843,305.0544899143914,487.49940206262664,658.1497417045689,1020.8382171298965,2156.145113870828,5765.107822461165,658.1121902714888,797.6545805220651,2084.046974209068,5704.760681539534,729.0542152985263,885.8459711596649,1040.11086370691
Cond_SE/StudySeq25,0.0,279.4248487693997,553.8926073749249,861.891115195287,1142.6218602129259,1848.7234233365434,2983.1489758820367,7035.278914593147,1142.579168525061,1403.2421733628585,3014.914257977075,6350.992953034549,1260.2986095360025,1460.4073174672526,1654.1873795736135
Cond_SE/StudySeq26,0.0,82.72530339387616,169.01002057182012,268.0736662026144,390.5272155708518,556.3139314124281,1768.4717197127122,5279.2872717807295,390.53455474039225,551.0561237158488,2065.8926959119963,5604.929188329798,415.9727275433987,508.4318230003742,600.8440195746333
Cond_SE/StudySeq27,0.0,126.02067958986717,253.7851718212343,402.9194298776475,540.1032782980586,771.4006458671976,2060.9172480548878,4154.186771109194,540.1345965551486,693.906577594568,1822.8272141555306,4555.361012342505,596.0401816544955,695.2083833315742,789.3055385630134
Cond_SE/StudySeq28,0.0,100.45183595113161,203.36530922643607,326.95125054991024,458.65601890102073,662.1306088813524,2494.01532752985,5124.906621004421,458.67922420772317,730.4812023260151,3638.443829508629,8716.552263708747,496.8186416759578,586.2688771005219,676.2232156213029
Cond_SE/StudySeq29,0.0,188.68625413265596,382.4077478551054,621.676729862828,874.4889269223983,1166.8525121764583,2125.8231914587786,4935.476869192928,874.5067957177433,1168.8109287301058,2419.7479691548942,4554.550739733981,953.6904437142666,1114.6109769053269,1258.4187305115327
Cond_SE/StudySeq30,0.0,232.8139316975722,466.963891958477,735.7484973725531,1004.3542200239324,1451.8234151580875,2626.807488366383,5277.583224838644,1004.3617582633358,1178.375175643081,2851.427878207245,6300.5160913185955,1099.6717374186924,1299.223755039801,1491.9259846236926
Cond_SE/StudySeq31,0.0,181.0122749300371,361.7647915871486,563.3401333673291,766.3264761323499,1093.7308206313405,2288.014152505482,4221.176690416874,766.3442247205489,934.2313185874559,2946.4133787424953,4907.521807956142,838.8055343783675,1004.1349767572258,1161.322521794612
Cond_SE/StudySeq32,0.0,215.37881658111732,439.1112617160494,692.9749207927863,927.5610785866909,1475.2573168966965,2404.7934691023925,5713.918985148099,927.4945901302699,1122.2060649498494,3004.0333166573746,6595.113256811901,1024.1885711007899,1205.9135566772077,1384.3334274761082
Cond_SE/StudySeq33,0.0,124.84518901145144,256.0174680017969,403.3368598681624,551.3185777332204,811.300769166887,2011.9942746042695,4064.3562454951307,551.3298037975319,727.6283378316593,2310.7361888485566,4402.073726623422,604.6324493900942,738.4687504001618,875.0164868526169
Cond_SE/StudySeq34,0.0,164.27690149687453,326.96603615603567,514.643432367012,714.9074717615717,1145.657515093957,2171.652949577132,4627.67531278663,714.9064164805054,1015.4193473855039,2001.9948048443396,5407.542415954809,779.7461860421073,920.3212099396484,1069.642765031695
Cond_SE/StudySeq35,0.0,133.68384115937283,268.7109940735901,425.94055957081764,585.902247186564,852.3989246896565,2200.9943813005602,4420.026891716617,585.917699305497,737.0370698226465,2085.0101447474826,5358.416742510752,638.6309263775124,753.2591116747334,862.8827500630623
Cond_SE/StudySeq36,0.0,143.6899599396229,291.6258588614575,464.91672582961144,648.6839220739683,900.6250230436074,2027.5723730365007,5581.61078818948,648.7136959806036,859.2118874259951,2724.1160434122994,6315.757525248571,707.3888288535342,836.2314098621082,948.4510142146578
Cond_SE/StudySeq37,0.0,185.59156077241778,380.1693218465036,609.9803937259896,819.0807811333856,1051.244804988362,2149.1857053198305,5921.018112405518,819.1240334280862,1024.8046300975143,2516.297554740397,7343.920712910575,907.518603625607,1075.3100958453124,1228.6215546311873
Cond_SE/StudySeq38,0.0,135.05565833994405,274.353131938824,430.9974957579073,578.1135314849914,772.0438143782461,1359.2518979388867,3498.012691629252,578.1401772630383,688.3986211016177,1485.0630122956707,3591.1792382965273,634.3925891661552,766.2623712922839,906.187015226256
Cond_SE/StudySeq39,0.0,163.21614616474602,318.7950459604208,499.6068196885338,690.1625075439497,1014.4588502401089,2340.7559575980254,5908.687869892429,690.1800428487875,964.7655972781115,2527.8540103808823,7838.297730879672,750.5632307077847,865.5837044434793,972.8085991471451
Cond_SE/StudySeq40,0.0,58.39264206082749,118.58279799627802,190.74423929059725,277.00236162949744,434.59856631370155,1756.3112434854174,3726.8931372557663,277.02680094292,458.2881420918537,1830.552326104728,4428.132912341706,296.8740027932735,350.7468539729091,403.36472107257873
