,Spine_Distances,Spine1_Distances,Spine2_Distances,Spine3_Distances,LeftShoulder_Distances,LeftArm_Distances,LeftForeArm_Distances,LeftHand_Distances,RightShoulder_Distances,RightArm_Distances,RightForeArm_Distances,RightHand_Distances,Neck_Distances,Neck1_Distances,Head_Distances
0,0.04842679880726601,0.051712834591922184,0.052864818357064906,0.0577583755294381,0.07985266175637348,0.08038211200084092,0.08422963628054417,0.11457194058907365,0.11421132334345097,0.12368942242816724,0.16778553372454802,0.16479003079031876,0.17311405312177747,0.16679591502666766,0.19438120109538196
1,0.09117798937351305,0.10782100922948916,0.10760463723590369,0.10474294425454983,0.12480454634408515,0.12552066250438054,0.1253980878770384,0.13253960389728336,0.13309455111878238,0.1347290856214057,0.1575722432982631,0.15924653961128668,0.16039209827301001,0.14870790460110184,0.14738450753816656
2,0.056357222914265315,0.021014779942929218,0.02282123093442928,0.02928121176370831,0.04437601009199229,0.044674743100566135,0.05362938430702742,0.10033052326317715,0.1002208006608951,0.11357665049178112,0.18237673160611143,0.18129438082464597,0.19617661333024922,0.18415896615591273,0.2104125859779549
3,0.051926150262257574,0.07252589924959552,0.07453763030563226,0.07387275313298707,0.11372507080052964,0.1152569684037249,0.11489863413255735,0.15464369638772146,0.15539718752680928,0.1557498889108086,0.19657699597622802,0.19609757264131356,0.19697865316631857,0.18873640145373322,0.2021531863443918
4,0.05270411528476017,0.04958267219061682,0.049652165165296955,0.04993332168056426,0.04608426382513807,0.04633677138618891,0.048236313932012095,0.04967263686042389,0.049012960177954444,0.05100483592605215,0.07692829103339571,0.08134045300127445,0.08548550417034337,0.07107368494065587,0.060855718350951535
5,0.08862524316832472,0.11378155901549246,0.11595803123672366,0.11592526352017953,0.14229303013747732,0.1436968868678867,0.14356075780062505,0.16527701030422,0.16596378218235391,0.1662802977002343,0.2086837882508186,0.20790487829630408,0.20915902075289738,0.1955958957285684,0.2099917122240288
6,0.09313457253743629,0.09579711610416662,0.09485924333977075,0.09500083744943506,0.10413156356958743,0.10283198790978866,0.10232539043880264,0.11417536482883861,0.1138351939442835,0.11216983795102697,0.13698988429307246,0.1350717505169145,0.13505807222983038,0.129841977696579,0.12579292670103157
7,0.020362087173167617,0.03763931495483925,0.037725361588275406,0.03794609670039302,0.053334380809416375,0.05335970575641747,0.054400740943675474,0.07860678791906676,0.07865609799280761,0.08008627203820218,0.12639761149930717,0.12631088206379407,0.12818294729047838,0.1147844480282041,0.11736704551334312
8,0.10107403124530308,0.10129061020414756,0.10189152101708696,0.10536347048986527,0.10664930124292107,0.10732093220364967,0.11069297675134393,0.10859572859689555,0.10940766815825759,0.11426175318684254,0.10854003070652105,0.11390695726921239,0.11912644659485035,0.1250563459081914,0.10889692828961141
9,0.10386893828624465,0.11809847938128058,0.11716745452860224,0.11612011343728237,0.13399687009211902,0.13252540025122597,0.13094961173256198,0.14393862307646174,0.14323660650031705,0.14309005861338317,0.14860948524189196,0.14758895877987754,0.14766218046033502,0.16422091191892269,0.16031980842523802
10,0.044456814017050365,0.04588132915518649,0.04623780184090272,0.06369177276050375,0.06686540262807143,0.06715812877344403,0.07937962726074738,0.08312128397450784,0.08346251368527426,0.10026206893647684,0.10218926998804943,0.10536222926887984,0.11960766736662855,0.12340641743801423,0.12401427013875463
11,0.025079468616826174,0.022469930628306784,0.02261598078482491,0.028097734753512828,0.021941745832604463,0.022561434133562257,0.034887767511136876,0.03277095881468062,0.03353256093389323,0.0488148895094,0.0527682704403053,0.05345699976343921,0.0550764684219448,0.05544701813744108,0.05676370053890666
12,0.04172254334757495,0.04504133641074382,0.044203014331086005,0.04858845538037877,0.05383305540124702,0.054128446691449075,0.05983524695390358,0.0657199564100868,0.06608139081718101,0.07333798734093033,0.07882871823085508,0.08657217746355295,0.0980345084684594,0.09426259807630617,0.09034731011783294
13,0.04952820490998721,0.050908349298785335,0.0513770128996361,0.056537731545798754,0.049144226096753965,0.05072360618245666,0.05722405362479331,0.05103692366786658,0.05248200319598813,0.05763654202221324,0.06117361496870811,0.06773772794221233,0.07382253527495099,0.08187740105700146,0.16476631344000886
14,0.04294954707653301,0.0421222621163419,0.04243222013055605,0.04531737831936416,0.0463237398431662,0.04611943618226842,0.05234552336989863,0.05450725248496568,0.05399209169529969,0.06406870306370678,0.06204600225403088,0.06208721523234147,0.06100187847679287,0.0636679373667004,0.06910932310270532
15,0.05041331015110076,0.050105238617682825,0.050520621830300136,0.05206614201953004,0.05186003322690603,0.05287712960833891,0.05889594207251528,0.05732055718060676,0.058921285518322715,0.07842468008328095,0.07850163101923557,0.09131900242615756,0.11400449678271363,0.12334006750283552,0.22254992623538952
16,0.05958693904402381,0.0683537608452775,0.06838954442022617,0.07876124365081544,0.08183364216018175,0.08215368119608996,0.10640695056591443,0.10557911793806045,0.10604928727276877,0.13885816427214143,0.13325039877595576,0.13792802974574075,0.16314698613848913,0.15483312947997435,0.2574945532915941
17,0.06412694519135866,0.08281220969582748,0.0828479480008019,0.06791362761227673,0.09440326934811552,0.09528329158757366,0.11289774831492075,0.13688427048402468,0.1381490201851769,0.17847742235374073,0.22693907811948755,0.24050402754451383,0.28044130556632535,0.2613971089200417,0.2851304016168115
18,0.03800700176668845,0.07827660671859789,0.07932447426889007,0.08514097545336204,0.11545346280292453,0.11712444950625431,0.13855970661163838,0.1580051962750558,0.15942677800529392,0.19391705890761654,0.22545774690772022,0.23781785487190274,0.27349012527230343,0.24628702716734494,0.23858319547953952
19,0.05353873608669593,0.020467581683871822,0.01663339990829657,0.06796555472660738,0.0882352788602266,0.08825264291733832,0.14288734828625804,0.17852035985983858,0.17918329868547725,0.23157547540977588,0.2832503922249565,0.2927690008751555,0.34063454185770115,0.3164745082004087,0.30925063426480703
20,0.045925253450992104,0.0868133473259323,0.08823475820704829,0.08846402728784963,0.13085961192989107,0.1327211219541921,0.14694081250154586,0.17292618709984395,0.17414905065697253,0.1960100629577366,0.24258023647997662,0.25188061926288324,0.27466402540334106,0.240922095143226,0.23414274362393345
21,0.04711750339956271,0.03541419406024506,0.035340499676630124,0.038125711084744815,0.03971766251837765,0.03979566311681967,0.05181634854373448,0.0641462777517748,0.06429461112407524,0.07425963919924139,0.09347985405205253,0.09533781362589974,0.10649454555184651,0.08083461772614281,0.2008705449945841
22,0.0585116778547417,0.07442421517214165,0.0732699393255207,0.06316473705644025,0.09625476192971417,0.09531737195128005,0.09061366349474868,0.1292424526106952,0.12881510744889796,0.1276323693479424,0.1727995847480289,0.17216187202786404,0.17216043165295725,0.16739991465427717,0.19196735580637572
23,0.07479581738596904,0.08762446695920331,0.08835391654721944,0.08555154090396472,0.10545315558135503,0.10592800741618442,0.10667270816076485,0.13457491254068651,0.13491584076286586,0.13482034024715686,0.16315246615540854,0.16283914288647536,0.1610282041678137,0.12439418529091127,0.16749106070576042
24,0.04896167301174212,0.05279747764379934,0.051331606715796826,0.05691838000767351,0.08529856818604906,0.08481514806970444,0.08987054708511504,0.12101405882038584,0.1210856853832504,0.12989864424759698,0.15432720121210136,0.15759538912671378,0.16458826644348237,0.160453623938636,0.2028608199150191
25,0.10259653258297069,0.09036304713650627,0.09164500477872302,0.11237670629152792,0.12577042252890797,0.12534519372967778,0.1455468915941149,0.17474896185023311,0.17450175479693733,0.19444659475001233,0.21787534210931545,0.2130054585354645,0.2283112957556062,0.2222265965782443,0.2148027346036984
26,0.07941203289753701,0.10184851930119156,0.10019137221587297,0.09861176604225207,0.1370904752209121,0.1367423111500591,0.1348697625707829,0.17745028796387297,0.1772993968615256,0.17670008154982442,0.20746944565992484,0.2105169401411635,0.21069803133915332,0.21490399370227814,0.21870003594192516
27,0.044322921524559675,0.07481414903860031,0.0748830660400974,0.08381355389481666,0.12258170765874044,0.12243865822767534,0.14080603351238588,0.18125672946283758,0.18121838205746907,0.19673707966768753,0.22629396324138432,0.2268607421135737,0.2412910605193372,0.24513670051857214,0.24614225383207858
28,0.05828561072819967,0.06319017539520456,0.06302477857168866,0.06513610159193041,0.06933558983619503,0.06935058126859854,0.06871870220124753,0.06903406355413616,0.06899795318769407,0.06948291687548279,0.039120749324096295,0.03656844258030473,0.04408436889236168,0.07681547070485215,0.07615939257238233
29,0.11477138614226107,0.10097638809212918,0.10157241726795178,0.10175104971130623,0.09833562424526003,0.09863943249681444,0.09833961405956058,0.098620655507047,0.09924753530143147,0.0982644827831361,0.10781596355920786,0.111253788679997,0.11102875015445156,0.09801038445596962,0.06875092624534243
30,0.10334922884292458,0.11612620421926388,0.11564717582202148,0.11823483392864996,0.13529057717705184,0.13475812140052307,0.1370181346555442,0.15599643374293076,0.15569613001669325,0.15744690187544844,0.1756169686530684,0.17267990401243397,0.17767551459701705,0.1810104623455522,0.1881046170685902
31,0.08826908331460066,0.0854408245938718,0.0865089555267476,0.1106568123715644,0.11027888393744761,0.11127482317340291,0.12689291760305751,0.1269039526064643,0.12830684691329833,0.1608258743323075,0.16598672293342742,0.17501587313329312,0.2011471567478356,0.1987369884913238,0.18628854775134832
32,0.08508837247512559,0.08240916814907663,0.08061731849749018,0.06480456963647459,0.06767146671006907,0.06362339163109916,0.06062658644848525,0.06355003033938268,0.06070755912599709,0.0762078115572731,0.07472638242842239,0.0610154650553295,0.08550528595200826,0.08310552421514657,0.1836069383214948
33,0.05527028607822026,0.07944705671773863,0.07869610538830189,0.09791848307348014,0.11589805040357316,0.11533063854903428,0.13135338833536997,0.14734634592310183,0.1469168879460923,0.17680126692561438,0.179137045251251,0.1809337382352575,0.2263119814055421,0.22532483445274004,0.26921476388534954
34,0.02325197967581782,0.043158744991898916,0.04357638055807349,0.06491034081317061,0.08087920427752071,0.08145996691662262,0.10585070741968118,0.12629409168918884,0.12667782461402033,0.15249746501601527,0.17432727338101053,0.17911008831810357,0.20409981853360268,0.20013661238281197,0.20044927744322957
35,0.10432565591496086,0.10946949368010857,0.11076799440451202,0.09712286538169604,0.10683305513104657,0.11035136742420237,0.1075371049556006,0.12037653848738332,0.12294023365862372,0.13427286907650218,0.1533207025970074,0.17133905890056594,0.18587428975222614,0.17006874158518626,0.12460625231634637
36,0.03464581352497078,0.04984764485589677,0.049491457773137,0.06563620171766621,0.0832618771641962,0.08238850913848311,0.11328932162351131,0.13771991686187085,0.1374182654721735,0.1718894578805009,0.1858107812519816,0.18662516406273238,0.22406246796499799,0.2506131492867722,0.3216964239817294
37,0.09683933696766013,0.08101512661544191,0.07994115496117306,0.08910110984782414,0.0817283194222062,0.07933186834508049,0.09983168686728194,0.09552135754642811,0.09417672730833229,0.1183597631724264,0.11955875054568689,0.11163208831914012,0.13622717715322785,0.13519526711223206,0.18704115270683738
38,0.04663339705521726,0.048817101683144924,0.04940242135770539,0.04452999600615005,0.04498959999061649,0.04667952635843481,0.047839574030739684,0.045176243366887844,0.04641120094402046,0.05732382433571136,0.06437761063328575,0.07506816750616628,0.08565568035387833,0.08065410130572363,0.06373103241914853
39,0.1027652049316809,0.11259103443247184,0.11300768467088917,0.1258096295927277,0.13195967249965793,0.132565157644696,0.14213666779676523,0.1573621844565664,0.15762318618157325,0.16327092491727974,0.18575887560229895,0.18970562045081726,0.1988279044772205,0.18743658621279374,0.17891291265383977
40,0.09014571663131508,0.0929637283194419,0.09348858343181915,0.09714205775241265,0.09592382222234475,0.09693450981841406,0.10196207432006583,0.10283238620075522,0.10366625304886123,0.1115075021583357,0.1319258353788325,0.14471362972535967,0.15614524922287182,0.14299255792648635,0.14728376557302703
41,0.04016163047465876,0.040828652702175706,0.040787072548423765,0.03919643350493559,0.038265952302520896,0.037731402932082846,0.03639217953079915,0.03585407333947761,0.035348832557405965,0.03480146546360856,0.048863118428504854,0.049081062945028134,0.04909130627689418,0.03505339931256684,0.0035993741612747373
42,0.08889194145996691,0.09655549729951302,0.09655569678726751,0.0909537487767982,0.09583263530266335,0.09589827041251085,0.08837551320917895,0.08902293438460696,0.08910167368828305,0.08421680951686714,0.12827434165000515,0.1295723639248039,0.12947928198713599,0.09124137647335186,0.09520916267290058
43,0.06598232418185686,0.055212764975159985,0.0549748809326857,0.04082035363893929,0.036972698542165366,0.03644389250958152,0.023841362010337454,0.04011462372699813,0.03981504818663656,0.03462324741703594,0.09396806453555516,0.09353658416186326,0.09348660449842662,0.06421243865333666,0.06982244200751665
44,0.06505481367367212,0.06557258638333399,0.06547379244762451,0.06492397974454286,0.06377292330342033,0.06389471653415839,0.06351144038879955,0.06357150476341275,0.06382304603152712,0.0651275095773615,0.08213456027572723,0.08373470468021314,0.08380301773766083,0.06802413126286855,0.14908458413615572
45,0.06754537779152078,0.06918417604615826,0.0690439771724495,0.06796168979881653,0.07079981184291723,0.07034489789827426,0.06845829248083547,0.06771532178064676,0.06749351906823238,0.06597070189388425,0.0696741200803783,0.06843631820431684,0.06798873365796201,0.05887057132662682,0.028906527464450705
46,0.07516997531491539,0.08011341799337893,0.0799233558006152,0.08248611149111915,0.08797802898457871,0.08764913594284651,0.09327925506081854,0.10431013546168409,0.10409614188227315,0.10904530841520282,0.11203677456026619,0.11196787361729399,0.11197619638405742,0.10654203205643453,0.11160643979456278
47,0.07899952425010252,0.07859684079582671,0.07876067077164048,0.07131268136549589,0.07302624447677268,0.07410960793796224,0.06443553131950265,0.07311190276317309,0.07395979641943501,0.07355371799845521,0.10327968896770853,0.10700894604153355,0.1097287890294717,0.1298667123457327,0.14114996226402807
48,0.05379368154315661,0.0657682721517892,0.0644754043341258,0.09281922808072787,0.1084274911033612,0.10704050501484685,0.1370222604999703,0.15516702248981953,0.15448598252677273,0.18934802449112753,0.20635000100248557,0.20476832523394375,0.24541878640574216,0.2336202523117781,0.2605054449798032
49,0.058226739748726206,0.0581419172849026,0.05904578233895439,0.052119648199680964,0.05197046387196371,0.05641140504604847,0.0714021133909494,0.0715188276705363,0.07453270862451732,0.11300651263538478,0.11549928097826831,0.1370792922131695,0.1739953527500052,0.1766817508452712,0.16455608818716877
50,0.07416995824944299,0.07836576904503904,0.07843386480660335,0.11649344488416873,0.12060408035098687,0.12098830429056902,0.17620204990787308,0.17548083496033748,0.17583097959106309,0.23439212335009293,0.2329776565379114,0.2394675939259757,0.29335462524507455,0.29092131018323325,0.3245093675469505
51,0.07490160025476143,0.07997622209951523,0.07971471016734523,0.07598754602777184,0.09148134516093048,0.09035328788011544,0.0906125804126189,0.10349275826286161,0.1028990402855971,0.10657080205104437,0.13109654029490336,0.1286297386743488,0.1316395991579136,0.13164854286288466,0.20037449835144472
52,0.08341760974566782,0.08365482804793621,0.08443079981462805,0.07849005063154782,0.07942566197294298,0.08171748326218477,0.07801331976066521,0.07705291694108235,0.0781547355877169,0.07848834110452824,0.08085319301158234,0.09335173772650276,0.0968177213698841,0.09480571811673744,0.028738264634125515
53,0.03982374238893554,0.043644235397432375,0.04361443587938743,0.038342920896884666,0.04742739547471116,0.04733732172440831,0.044222003720000166,0.05866339505616513,0.058580253644674,0.057826367580091284,0.08519166111987256,0.08513391114081217,0.08615217606914415,0.0901300940394101,0.12544314677647309
54,0.049343398851488356,0.04230728948561046,0.042314358439187405,0.06885061143471362,0.0731778932349825,0.07333733593567994,0.10721201025238498,0.11015615687712622,0.11033782653575502,0.14378297413069446,0.15056100684613416,0.1524697172941218,0.1739071679177901,0.16627993391504625,0.17549559840108814
55,0.019272699644998417,0.0340327513227428,0.03407916267655738,0.030827654478936387,0.08029515042918944,0.08023774144945668,0.08455112001083886,0.13652428415956555,0.13652188847631289,0.14091540453877652,0.22319040006758656,0.22324777666822052,0.2225795385533249,0.16605707683861673,0.17100245051938065
56,0.04740635515737944,0.048738346440137574,0.046283873421238485,0.06383451171847966,0.06126446228452977,0.05769970532887546,0.09701935935208346,0.09610931512010294,0.094327443005037,0.14833556596478936,0.14973540783941502,0.14766601898873247,0.19809851600810727,0.198377567038773,0.20494377483834048
57,0.05050806502143075,0.04600415941396735,0.04776780420767595,0.05365692712774163,0.051903285657581046,0.05621248296101006,0.08233575495709261,0.08222311432057287,0.0850145180931796,0.12177184311126596,0.12188386115558517,0.13813075423909701,0.17020910177517806,0.17116134209862785,0.16289546925796625
58,0.07012250517216534,0.09260244393960702,0.09090163012622014,0.11413016626692658,0.14145154264689883,0.1398212474557308,0.16557346487827623,0.19606831590366844,0.19503683816132614,0.23213634723789214,0.25571632998415933,0.25448414517634277,0.2937574617816371,0.29674471339731334,0.2964268479687804
59,0.019962599974086802,0.06935702185315926,0.07077711409083115,0.07797476281518056,0.13339968545843234,0.13495092346741552,0.15233151462134953,0.19923666494503342,0.20037809949979082,0.22516005015045243,0.2737332842552392,0.2828133599288245,0.3092747770011662,0.28939471240046716,0.27833563500576725
60,0.031593364030475336,0.07942389231358277,0.07771503636551018,0.07865139174174078,0.15277734818119632,0.15217144845039857,0.15362972106609607,0.24167686825297152,0.24130571517005328,0.24584043764150887,0.34315533098068796,0.34439334205167377,0.35547897312292026,0.3295176360042338,0.34340607863544403
61,0.04198445320808735,0.08398055964057202,0.0857447855856082,0.08554760543055101,0.1495230813618587,0.15040180067899103,0.1503077052068839,0.20920779087441116,0.20962607045264517,0.20956730155575887,0.25551090279701566,0.25732295322116183,0.25761565982094153,0.24063188171921548,0.24354352389075118
62,0.04270541225553328,0.04112218355967054,0.04188824983444236,0.04214590535884259,0.04248815643792928,0.04346111973626385,0.04499527819670796,0.04574097803802314,0.046454195224569464,0.04890404622836052,0.059737096224718254,0.06888342883007179,0.07513196988839943,0.0798408415699941,0.12506601614733961
63,0.06503762874089945,0.08599623539610167,0.0882265837853562,0.08755592370489886,0.11666829709869345,0.11748018768379652,0.11750993887536867,0.15866668584190963,0.1602757593678938,0.16093538670419133,0.2277862540597147,0.23239550505695644,0.23350548913322233,0.2139870503694666,0.27308429214630586
64,0.07900173289461904,0.07953398952771644,0.07508008162045605,0.09161517970740916,0.15528370622712848,0.15311335111048607,0.16321324189219721,0.24649661259999692,0.24530497529037612,0.25991811570080575,0.38632878064282583,0.3842906203780078,0.40067011129562546,0.389801212602455,0.45916437589967396
65,0.064138729521288,0.09396922364388129,0.09818989339004816,0.10173377596273979,0.1735217815468265,0.17711761915040283,0.1916307854375082,0.27141467530536195,0.2736588299330813,0.2957294371473974,0.4215190913008848,0.4347859454895515,0.4583051397553594,0.4363857706929394,0.560126529201349
66,0.0687285656014334,0.15988455799343926,0.15965999278447435,0.15813346944705425,0.2589512947123819,0.2589202525654538,0.2627259985842059,0.37705473761305336,0.37712442706763677,0.3870693956982353,0.5610921137716008,0.5629697238703559,0.5740330437708195,0.5760186971194573,0.7103731470264131
67,0.01599105048397642,0.08066288447959838,0.08113926861641424,0.08828049183862716,0.1530956761505242,0.15372411453831397,0.16845809473777482,0.23397966612666066,0.2344064777935563,0.25637261569852576,0.3606668836500096,0.36527313219065266,0.38724131317701055,0.40353617406537395,0.5160332756475562
68,0.09052592599660417,0.045203370532619296,0.04481292037378489,0.06504303916459116,0.04838806411950921,0.048055141808557224,0.07716935392240044,0.09848909632012977,0.0984631426541188,0.1339851875712013,0.2040979784250648,0.20661798062963252,0.2359924064910648,0.2589096289973588,0.3870724254356178
69,0.050900827351510976,0.05687425963577695,0.05594989052259052,0.06388035399721136,0.0733846080138375,0.0715779696324092,0.08492484273535839,0.09864145830475775,0.09703894845702771,0.1289941439360282,0.16234192968627026,0.15735968579327717,0.1903920367001098,0.2133212660832432,0.2692105849083061
70,0.04841106348992294,0.0521333691659444,0.05204924523577482,0.07292982580111698,0.07989348743761397,0.07977880697011669,0.10537176509823873,0.11599655937793663,0.11602048574545444,0.14651796151544527,0.15045515912767107,0.15218423987055696,0.17537729334385038,0.16782982397079402,0.18897202843377373
71,0.0735810458642302,0.07300097514190328,0.07373974775401049,0.07349421373591548,0.07319505676991273,0.07606405274475964,0.08249853818072192,0.08419651140735587,0.08516159558208929,0.09210550317708473,0.09141281407449693,0.09979714058699081,0.10652974991268162,0.11945460889089413,0.1849813699194119
72,0.056377380154013536,0.03900050785462613,0.03917024336883768,0.038706221659907794,0.05690397662704336,0.05692424950244287,0.056922903433111634,0.09176870656815263,0.09129008863834354,0.09137061125568449,0.11171467164116139,0.11068241541380698,0.11081117030090352,0.11113598977692213,0.11889991808422973
73,0.016850511916084426,0.014697861641909178,0.014808735891509441,0.010164289696964458,0.0106211687215497,0.012612350551628189,0.019420208552199905,0.022940959273317765,0.023544142740480216,0.03335984182301485,0.044050228615630425,0.04590224883628328,0.04975411302661948,0.03906208705389721,0.039884092250062335
74,0.04174352854749536,0.04159034612037473,0.041936441022022784,0.047982264050057274,0.05390541628207197,0.05406075503116422,0.05543046167917639,0.06710235398610548,0.06716924743648287,0.070394907835244,0.1008511723896506,0.1007430529311795,0.10162789674943362,0.10332895450573573,0.1637069288472374
75,0.06944294777241657,0.08427683538948531,0.08403714258481788,0.08351698784770688,0.09832275073116784,0.09811596838208193,0.09788076705453423,0.11439442808195444,0.11412937574231904,0.11404495945861667,0.14536401086603531,0.1424351597158435,0.14386325756407178,0.16104062662174862,0.2129002203430819
76,0.07792024800556314,0.09045781145279554,0.09043024630635607,0.09760984200176867,0.09693927127762418,0.0969225577562149,0.11116016629984211,0.10002723933774701,0.10009370400733773,0.1262402860477603,0.11651569689046541,0.11861812792520096,0.13988548891052083,0.13163186053211662,0.3513972575288462
77,0.05256212533711409,0.045408754135657516,0.04558695876572755,0.05783374167671348,0.054825832164111625,0.05501842624489615,0.061607592937366486,0.06529913625695574,0.06554014259194478,0.07878967516567176,0.10424194072748572,0.10612054264840542,0.11656895092553733,0.1527463910058185,0.3863593780345491
78,0.04977599664135765,0.07104164098595048,0.07103667202551374,0.06529583236221895,0.08489994621081773,0.08479512295579941,0.07968246661459615,0.10251796345913453,0.10247157362515796,0.10175522980358605,0.07656472593873848,0.07708595817087267,0.07977108406625154,0.03714019766700586,0.30625616354615237
79,0.046354686301586775,0.060050642710989206,0.05990411665928113,0.0734482965404435,0.12589063162159322,0.12577755379304967,0.1289230076541616,0.1915888734275441,0.19131789636565694,0.200215833912431,0.2528388617318389,0.25258439126458043,0.2665294241737693,0.23160905103747154,0.2713178879501739
80,0.09362103633899213,0.08639649275180354,0.0875243203228415,0.08159024797135249,0.07836976509758967,0.08135139794076499,0.08741567531069126,0.09107596308632497,0.09285997656237255,0.10618310791715697,0.13673815942805412,0.149644146823076,0.1647439793072336,0.1907353553597967,0.3942626686197984
81,0.06832166204887498,0.08719347087088027,0.08695652738598855,0.0924155753955098,0.11337565320616044,0.11286165183665409,0.11999871017220665,0.15344684895955255,0.15284295085811758,0.16944479117870875,0.18262215253100259,0.18156307827925214,0.20323967526216422,0.20160263221589572,0.20290648735087055
82,0.029579442035424258,0.027500767520310707,0.02756073417234319,0.03157010454070194,0.03567193515589144,0.0357650040815755,0.037965580383145486,0.044288015778568744,0.044273648470448596,0.04207838056997184,0.07322565868074926,0.07272811051795995,0.06828668368898602,0.049630407000154246,0.08069272985130357
83,0.030328184289093445,0.0373826667719248,0.037511959538050595,0.03727559685257631,0.07588539042427944,0.07617534433551215,0.07657659486734913,0.12673815489076926,0.1269838217326018,0.12715679539516822,0.19236552396090922,0.19243045444087828,0.19236003683976252,0.18201470351552942,0.1797264604835936
84,0.08341456916264259,0.1596545860342746,0.15961400114593527,0.15859914338795522,0.22913262888901592,0.22915337171325054,0.22869986195699543,0.30236343408442246,0.3023853908629288,0.30246059982970364,0.3823220241315343,0.38220324827184404,0.3826023282992127,0.3392288383394007,0.34694620536617543
85,0.1111961693481622,0.07120735573222729,0.07316872307046751,0.07185572114480115,0.15586253456945517,0.15545421095419704,0.156250006341309,0.26777224827250923,0.26720112247282796,0.2703160081080938,0.38037346538861705,0.3774749640896141,0.38134725128748953,0.34055349259278295,0.3381581945176116
86,0.0680036252537263,0.11263651324219284,0.11230192090258577,0.12884864705070204,0.1898914111026996,0.1899972992722652,0.2033181583366486,0.26762211575005357,0.2677454574069331,0.2808744768542639,0.3556400719090446,0.357259443288283,0.3678159344586738,0.3287176888858122,0.34226989067789837
87,0.09230226112839683,0.16349286623361237,0.16282858321299304,0.1644385638390975,0.2522627985715872,0.25215734090782765,0.25547502480636786,0.3541578283964356,0.35416056318365896,0.35900837537653807,0.4528758598417557,0.45409098063370196,0.45776244903268287,0.4314499272091085,0.42983734966895076
88,0.05381659819484911,0.0693766349748158,0.07168104283426976,0.07131156072532513,0.11965294610175935,0.12107739946841492,0.1230173515324978,0.18339236354429939,0.1841151404505814,0.18514087318472633,0.2399343373018112,0.24015625958077816,0.23995009604604298,0.2137500425439378,0.20871314928916287
89,0.075058471369313,0.11158838684223667,0.11171085214135285,0.10113556670646004,0.16944606354387418,0.1694782158171934,0.16236624773343541,0.2288340322712788,0.22884420630069793,0.22704461147018357,0.28655590136010595,0.2865964950416461,0.2875411618044639,0.27924329552875204,0.2798890731692037
90,0.100267711948604,0.0643042800749632,0.06649111644649713,0.07090680070015966,0.08218127362161362,0.08388366318673954,0.08741612146265484,0.14003027477223604,0.14094425683434672,0.144446869567298,0.1962545322615306,0.19545154162702802,0.19862222806083993,0.20375290732378434,0.22898128734977397
91,0.06084445006828095,0.07836750871757335,0.07681352130462406,0.07708551170140046,0.10121510509283532,0.10131213184021778,0.10489560649888764,0.13410203924228267,0.1338595514415185,0.13828081277713022,0.15459424841865774,0.15887633458980913,0.1639843972705589,0.17032984850387725,0.15725462645949848
92,0.05436820772794516,0.05672831372761507,0.056902914441481246,0.055522089917320175,0.06068552064595737,0.061210105828029514,0.06164484302748045,0.06792535763753117,0.0685225991493075,0.07025312500160563,0.07856623624696206,0.08071105689935887,0.08209343356695846,0.10184439286904272,0.16758139897063765
93,0.021657454017550752,0.020601243204648886,0.019967700704873127,0.02280082310054111,0.031036578880328805,0.03153013504033633,0.04173185038644028,0.05568738458133579,0.05562842968799535,0.0641451606670821,0.06985943330162833,0.07606452014209045,0.09027277510772284,0.10686679530664595,0.15449490467605803
94,0.03508527110016016,0.02352238952272401,0.02086719804392386,0.02540801266639875,0.04008683681172006,0.03783189357239224,0.05438593887833219,0.08095310998291354,0.0803534419080747,0.09110037488478237,0.11072234521912427,0.11006519448322,0.11939540216702839,0.11921268427748713,0.12349612394836593
95,0.05559656956946362,0.051688114814086056,0.05013030768858415,0.05197500366803323,0.05774587435917478,0.0575803230756052,0.06242695149784213,0.07600946538637215,0.07548409002563776,0.0790202427662442,0.07973705102877499,0.08338083660986291,0.08708616725420544,0.10544010395121081,0.09272377905151377
96,0.03973432296485779,0.031514953152311155,0.03287211903537095,0.03132870807265959,0.030474987085718924,0.031765109191405634,0.03168140206588477,0.04048036336073,0.041967684518996407,0.0428281794811053,0.04658721334803233,0.04617071052942348,0.04595550967633222,0.04360291289884379,0.03305738378058627
97,0.05734797799628969,0.0831209942055988,0.08393666837334238,0.07397343071971071,0.10877368701706287,0.10962784141813173,0.10859851094784649,0.13631934171420673,0.136923366692108,0.13832583347091343,0.1569260913216803,0.1602869382697842,0.1636115267523038,0.14326461683070565,0.1469258045727147
98,0.06776428180097069,0.0984538035583362,0.09432070763478578,0.09940290211153878,0.14087572683430047,0.13768606091636548,0.1520265329958119,0.19977836431866275,0.1977453910795906,0.22783698428053595,0.27399395207363586,0.2707943997074291,0.29764425885024814,0.27889278400193895,0.2960369163726266
99,0.016135165705816464,0.034454049925003734,0.03474711114794026,0.05972151751380012,0.06632604492691321,0.06679084386363077,0.09425373463734056,0.09746119341044629,0.09793794064291712,0.13589523201085285,0.13901025295331726,0.14615155745663053,0.18411213399283924,0.17672724857357078,0.18928264003131123
100,0.08483218186620077,0.08409061532639756,0.08644615315138471,0.10667381938803042,0.10706898167767932,0.10946798214870249,0.12709682149217658,0.12829078902405652,0.13124236017805677,0.16645743529246781,0.1681196511198509,0.1846144024325207,0.21427496811784266,0.21427185105079535,0.20962928282293336
101,0.08435232919107627,0.07507741408045503,0.07360223920487317,0.08399002555640164,0.08269529110032377,0.0810566046470555,0.09817873939645537,0.09203758212591691,0.09036330715976776,0.11615095416738067,0.10945413506494732,0.10488666635930584,0.12188030511340182,0.12196088359864386,0.1501820760793808
102,0.03277128289691073,0.03063433684399617,0.03096418451295014,0.04125804413452257,0.04283239558252186,0.043029433547230156,0.04469408301862024,0.04389730667160134,0.04435198758987679,0.05448996240579362,0.06488813317955239,0.0686947127118116,0.07700034857294732,0.07018347746294057,0.12699719618199706
103,0.06455717658355771,0.08959704024643654,0.08928631548112644,0.08912345307506563,0.11752705610288422,0.11729598627374725,0.11653488020330789,0.15643470023871978,0.1563215601334674,0.15639281682483475,0.2197801833560921,0.22009785152239247,0.22071825945540954,0.20281942206461953,0.24263847711563324
104,0.025322987865828372,0.026484745826647154,0.029163551633134183,0.02818373610613022,0.06425439794484289,0.0657677779506508,0.06587553573226453,0.10010435133648216,0.10092293656877,0.10104230345850462,0.15922927841328005,0.16187714596981007,0.1624557972756417,0.15557590744809416,0.22024855498661247
105,0.06623022461959263,0.05616424884966038,0.056932482039829535,0.06353825806757345,0.06095170976565048,0.06077334076781332,0.06787970740764716,0.06554041432789037,0.06535845672553363,0.07951707515861645,0.08680061214761864,0.08375176016706999,0.09834325484252941,0.0919487139910985,0.0990217463075803
106,0.05351382043779573,0.053614278706787845,0.05424629182491372,0.060784861788815966,0.06104191773815249,0.06311964401496908,0.07816577422825338,0.07790042079360678,0.07971080520498632,0.09889099883439784,0.09872975109959854,0.11127359824186722,0.13067069107142165,0.13117679695304987,0.15154971693540556
107,0.058710671375279834,0.05656066811170182,0.055756352410186595,0.05377412466676574,0.05247161309381188,0.05188124123038416,0.05130107206208961,0.04980682551508639,0.04815141714646047,0.04637643781625396,0.047642738783149924,0.03326085941415301,0.03818139965937228,0.05267350049684515,0.06720565578192701
108,0.09425239905476332,0.09179604986803401,0.09454945929035205,0.09439866839508505,0.10186207898231163,0.1042299356119901,0.10351107388797977,0.11518815263863112,0.11631721998961578,0.11503406050496018,0.13089564366563494,0.12751952524714447,0.1265224236425889,0.14841578280345138,0.2553730662715169
109,0.0881204890768799,0.08904820211073813,0.08660032288990664,0.08381490768900907,0.09205815551960678,0.09009192387868489,0.0902101711532046,0.11129099554203556,0.10895759926524394,0.10808749964817703,0.15512593161666277,0.1537777356190247,0.1541347172337385,0.1454530937008281,0.13448942266803596
110,0.040756632479997605,0.06959439703486436,0.07089239033258768,0.07404178929116738,0.10562041781612315,0.10628784942863106,0.10838383135241286,0.14897265868159787,0.14981681868918628,0.1484173447132737,0.20990035328420178,0.21163082633407146,0.2109441284378155,0.2211487724122262,0.2923281393032633
111,0.050621816784764594,0.08934092621957958,0.08888964892443534,0.08848968747488609,0.13415239564702344,0.13398207685139796,0.13409745538952417,0.18143926618174866,0.18137739770852201,0.18134654584010926,0.2322363890222149,0.23230607080302404,0.23221806102480178,0.23750556188552066,0.26696767819021167
112,0.062150913550063636,0.04574773967022596,0.045887824573767236,0.04382896259882249,0.035678451651005264,0.035497051937888956,0.0359116936948162,0.02819307546077176,0.02793320362001061,0.03983134248837977,0.03001846446626546,0.030530896871398264,0.046808081086605655,0.051135767148954805,0.05560377442895084
113,0.01677499233530759,0.021652187710122634,0.02163756507094254,0.02664854786197242,0.030686444151638986,0.03070849397050805,0.04181642935673223,0.04764083308432106,0.04765267667851674,0.054682737460419906,0.06148502271245541,0.062342704707850194,0.07097816924302122,0.06292607348837341,0.062130551057926184
114,0.03261446674859515,0.03322766122494075,0.03408865324408616,0.03886127027068355,0.037250639011329766,0.038501436902285906,0.04818449291019474,0.04745008851857017,0.048941664588665404,0.06846679946680805,0.06765437003243638,0.07481800361494172,0.0889039231044711,0.08959092692488867,0.08293013146702359
115,0.06182578539795789,0.048391978181165515,0.045232802223732146,0.05239110086852277,0.055027498282540416,0.05179345768637822,0.06358275689636017,0.07960057647622824,0.07781082614354735,0.09102199264216876,0.1121177225624445,0.10802428812729772,0.12310769798131557,0.13286368789128214,0.1324736350239769
116,0.030176753673591954,0.030105505771428093,0.030781680394397118,0.022342676899106344,0.028983060300522126,0.03167649731278763,0.05340945604195168,0.05932887343238938,0.06069651094299926,0.08621401738520891,0.0893415768082746,0.09676701650265869,0.11769220263504158,0.13355597675752742,0.14059461862183434
117,0.033274154528387424,0.040082698532127224,0.04242191493810883,0.03759516227051569,0.05173494949312812,0.05290802274659106,0.052396772807244446,0.0718148546358418,0.07303174386193316,0.07329816708806942,0.12312625570434631,0.12573259059007602,0.12618572778256928,0.11507111524085252,0.11865325377893063
118,0.024249413207961777,0.02924618690666489,0.030111067755405417,0.02813924618840163,0.04959871431474078,0.051435896413482535,0.04977834021979378,0.06826608169719364,0.06964711093986743,0.07417517622573379,0.10489310692412696,0.1110025791372588,0.11695921697139283,0.11409900874861104,0.11093765046861971
119,0.03447939706662412,0.04405791137316876,0.04236408453855029,0.04526931847291966,0.060386194285399465,0.05970249472130204,0.058950711814466136,0.08143374869584988,0.08101759111470097,0.079857583862323,0.0956570778632539,0.09677398750671143,0.09600795441572899,0.10360689276371535,0.09974876504253909
120,0.04908269004803475,0.041482879344699,0.04102974184965875,0.0506711520866357,0.048286021052008105,0.04785499104450598,0.0659803204043367,0.06505107595509996,0.064854655960843,0.09875863864247526,0.09944921973112561,0.10522642264962838,0.14448019787315441,0.14602351338964809,0.1493157421735352
121,0.014246879804787553,0.014407139645801016,0.014419840525836622,0.016005471718667962,0.01647204868824341,0.016549433299782264,0.021328304107541867,0.024240593903366348,0.024358046021460873,0.034356841522519985,0.0384232699858742,0.041476724364552645,0.05422156263087637,0.06976549682613352,0.09271263274199701
122,0.04339427304397307,0.04130506671731922,0.04293320588412244,0.041220460484206224,0.055450056806585,0.055956476569915536,0.05500047561806254,0.08603324042279649,0.08604714794575537,0.09078205086014164,0.13714258162520654,0.13323155010695426,0.14122109493177698,0.11634769882204377,0.12050869511081493
123,0.05418372320560653,0.07852949509936442,0.07800234756329923,0.07724751061638808,0.10958182609850459,0.10915012077421596,0.10910432540498495,0.1437125219148263,0.14355537289445325,0.1436607601096126,0.1653907854170582,0.16700232472699425,0.16852651168582022,0.14871441191071313,0.15486976742826564
124,0.03576686164148245,0.02015424675418352,0.018965159394222678,0.017381058911682137,0.010391173942859228,0.00809897077594473,0.01176988598661326,0.018164003600629808,0.017816683564463736,0.01922630672421785,0.01471395352839903,0.014747954030427354,0.01519378900053062,0.019517612036656258,0.06954482968965249
125,0.05240586238835723,0.046269779247890365,0.0462541704515318,0.04597995787002353,0.03827207024850913,0.03825866362742134,0.038525350632502224,0.026296692231031142,0.026297176587783716,0.024834290909948206,0.029050129748057336,0.030331071815743352,0.02711907095774549,0.012990321365508546,0.033306894362811416
126,0.03697468523563204,0.03572193406108519,0.0366373962919407,0.03885097044279578,0.04305673266043624,0.0427872157488198,0.04769018259190718,0.053964065177283305,0.05375112143938095,0.05913436772021758,0.05767737080763993,0.05294341699520264,0.06020979175108484,0.06627689506255173,0.0698438743261442
127,0.05345399995338925,0.05077704790768242,0.05088665201613885,0.04972634918579718,0.05056844869195639,0.050768895120594695,0.05226177094685443,0.06082364552497294,0.0607105704067117,0.062795159917204,0.06574422557508686,0.06966549163245407,0.07437330118111948,0.08582058991168899,0.08111324335375336
128,0.025259710968716893,0.02010113302903366,0.018814508918264475,0.01793233309546024,0.02919071650872556,0.028315872068034854,0.030102747461102756,0.044587792141598255,0.044322138578911756,0.044276197312787195,0.06954115791670015,0.06898088654042676,0.06965000942355402,0.07367011116318534,0.08139192666326958
129,0.059528432101113464,0.059349304428280875,0.05935345452705802,0.06305485103291814,0.06289603907965452,0.06295516359719078,0.07401868462398857,0.07409872591011044,0.0740940013446752,0.07470611306232688,0.07716642768643209,0.07720792620412158,0.07953779103670625,0.07707238047192293,0.07744575496419392
130,0.10642543455954107,0.12707041558755855,0.12751407854990054,0.12343854891354925,0.14840869864824824,0.14891202826806382,0.15254190794303177,0.17468275734182054,0.1748720439398367,0.1732216059694939,0.21020393114804592,0.20991452368285238,0.20704413423266974,0.18574082290370456,0.18602902200420768
131,0.06628540179236952,0.07608422727612876,0.07689626700546501,0.08383141173816783,0.09704377002863551,0.09687461373820351,0.10562998649895909,0.12833987431141883,0.12831671387097413,0.13772102496568672,0.1795588924825087,0.17784947186609523,0.18415454132647244,0.16565572538466278,0.179698279260988
132,0.06063011878898123,0.0519938372648127,0.050217154439714515,0.05344911699413809,0.06518043308261459,0.06491322174838628,0.07296968417050409,0.09628004214525743,0.09601257479244142,0.10140638859875335,0.15806862489201975,0.15932217415923464,0.16318682356827205,0.13689570134970566,0.1301042563609667
133,0.05037396104352197,0.054789043506514735,0.05472817023300822,0.04430917517221409,0.06026975142195895,0.06022824727025391,0.0552976442359291,0.07104065578840729,0.07112811571923555,0.06695759746784974,0.0923852087351105,0.09282063699137606,0.09199315854510012,0.07888332926341014,0.07876798833045401
134,0.06324198760948413,0.08084919367866214,0.08084255891603812,0.09170689179568348,0.10223140334483663,0.10223525418647747,0.10917051633909941,0.1208281006630806,0.12087046927302794,0.13476096343863067,0.14296180722500682,0.145537252877927,0.16425564704621073,0.1493603513850569,0.1618103638530345
135,0.04931303512808947,0.05936635144948466,0.059292608733137346,0.056047119453535126,0.07140889940922553,0.07184407486128461,0.07139459455904862,0.09043949637098221,0.09042792185745534,0.09118944671412184,0.10378811491211108,0.10716236620057587,0.10926099985390518,0.11117462189181226,0.10332286216661327
136,0.021258735005623978,0.025038061103776623,0.0252218176284941,0.02525508186570007,0.02318643013978701,0.023319059903814467,0.023677371509374674,0.024410908380929717,0.02440874273248978,0.024346222063639945,0.03310248828754054,0.033988412840515535,0.034309052065529304,0.027836964856400942,0.036644080975373326
137,0.08091759656969487,0.0821515158420107,0.08069417335671668,0.10061585624550926,0.10313281251106153,0.1004051748449802,0.13084163317935305,0.13419405977564586,0.13210737561560737,0.17198078590403248,0.1754278768921303,0.16897413837516417,0.20128450927412775,0.19722624498813665,0.2043173407285799
138,0.04240391187368226,0.04213017008438354,0.04150847461147137,0.040179358645581496,0.03987107776757101,0.038286873292932476,0.04154435111060473,0.04465258053815332,0.04475067044522531,0.0466724667343235,0.044558856251737895,0.03683444244668189,0.043741767945444404,0.045070634135754864,0.05980258860142344
139,0.06603573708304655,0.06676797218342594,0.0689379405674754,0.055933769498277455,0.05545187616935434,0.059523181708274496,0.06474971191296548,0.06497531960428657,0.06811985456928148,0.08339751044961027,0.09051278386754658,0.1083008126812613,0.12408525624203404,0.12188217446568653,0.15693990117533474
140,0.07287102978529994,0.06875760924233512,0.0663922932649376,0.07314930310177505,0.0744484586719464,0.07105097493674137,0.08411096022727804,0.09098080957718131,0.0886132743724422,0.1048415000228714,0.10427414344065578,0.09523739358089643,0.11616699213461393,0.13210433106398203,0.15160185664185732
141,0.06890056196252672,0.08988652010871181,0.08995158647146814,0.07753998722764438,0.11114764927074798,0.11141151789108646,0.10819323710079662,0.15791019020031175,0.15835589575609835,0.16155740712474018,0.2281471837114124,0.2319603483289277,0.23855580026661802,0.23177987278375198,0.2931258729489919
142,0.03624474737636323,0.04220840895322638,0.04141684426375691,0.0408514714400739,0.051997497548710726,0.05159319242025538,0.05261676829937675,0.06210905835837238,0.06191645732338916,0.06280523871012676,0.07571272236688176,0.07645838517954402,0.07470299435021484,0.08185355450520526,0.11856480068172626
143,0.06093718719182833,0.06508501881109327,0.06546266904700261,0.06294624440019482,0.07584052481491767,0.07653841219557088,0.07548078471462713,0.08771513648614354,0.08782859672435546,0.08793760003904373,0.12372890803382179,0.12347578090734575,0.12367777019344038,0.11205594188057788,0.15388161956036694
144,0.10047554128931888,0.12338412206905644,0.122866011871316,0.1234266249079133,0.15859997939087578,0.1580977801106807,0.15827341614595225,0.1859639931545935,0.18595625266871277,0.1871800942069716,0.20902285648834665,0.21163344527591543,0.21402661678974386,0.2217239355101312,0.2224728106819997
145,0.10383840164939956,0.0974562284186979,0.09764931280918328,0.09480435620847044,0.09263103856673305,0.09130178902849483,0.08764358616267273,0.07840892872121083,0.07590175175424865,0.07718392888661546,0.07240757346719127,0.05757009948558539,0.06752474171940463,0.06937930730514372,0.14883832122872986
146,0.07853732197304619,0.0980611199687153,0.09791780550696579,0.10850061201825653,0.13330252666457784,0.13323691106105576,0.13893557360345452,0.16141584457095925,0.16144430453871766,0.1703917742815063,0.1948503179048771,0.19594166300267682,0.20495379180870604,0.20885654039658438,0.20817771765961313
147,0.0707908260361937,0.07475958189453054,0.07549322406862452,0.08882182092718328,0.08986491430375546,0.09063161116872591,0.10199028958408221,0.09894705972238704,0.10011328154771289,0.12786048872407843,0.12346729032849556,0.13450521622490186,0.1642802416878537,0.16089570349639953,0.15447694504842552
148,0.03310551531204921,0.034473605188027855,0.0347133362358086,0.027819011962596257,0.028980156536813247,0.029570754436361448,0.018448984871806035,0.028411707070746733,0.030038085744056482,0.039095651454508946,0.0457563785930119,0.06224662294075608,0.08558138718501775,0.08390973887586453,0.09126885276258856
149,0.037884253483542366,0.041340330978242905,0.041567287188330845,0.04518754128425279,0.05539568341948253,0.05557690329645044,0.05661489317559034,0.07091031040896592,0.07097758033120555,0.06893605065269612,0.10061198078706993,0.10033488238714336,0.09782275438869988,0.07676206111517676,0.09535698632492759
150,0.055928799865821825,0.02690419095436051,0.0295098674233115,0.0402332842185642,0.04031965846265352,0.043396106925960076,0.06374535580962663,0.08523581251364465,0.08684679014824712,0.1090065331107653,0.14710720199473817,0.1541089337591756,0.1707006571257627,0.169576860247912,0.22488805712439439
151,0.09608876964086031,0.09956561241285883,0.09919572647866401,0.09534897183268418,0.09892760390762766,0.09888967658012703,0.10011955571119334,0.10360639161635071,0.1031886933964152,0.0991404770035273,0.10730818649380208,0.10050743849574373,0.09082693540193153,0.0859751437491049,0.0797346540215482
152,0.08560749469154645,0.10179469887240795,0.10186995619355979,0.10892632717693995,0.13508990322849065,0.13506501430718434,0.1418961791907589,0.16530596147492066,0.1652521984974966,0.17282041871346593,0.19533843974412882,0.19451548730391416,0.20184446700605246,0.20010023579675498,0.2000160964258413
153,0.07953523713858436,0.07575692720260119,0.07559637903653765,0.06103453216946674,0.061712735475491255,0.0630348243454097,0.05356700827559976,0.05895732830786453,0.06081375996758092,0.06264550785669198,0.07201745377835117,0.08762414602940005,0.09689740883780813,0.08886879766395296,0.15506127553544097
154,0.07135520550925317,0.08653022418766929,0.08572354397675429,0.10264646850419563,0.12662936736935146,0.1269784563318283,0.15314732704884987,0.1860148385146265,0.18602761717806945,0.20498540844865365,0.24155473383425943,0.24512368794329192,0.2644502413770798,0.2538782603935767,0.2551942413614796
155,0.09738268939505978,0.08739513756229401,0.08806471745499163,0.07821878719505164,0.07639324135963732,0.0768538245927069,0.06946348779547444,0.08469174004087554,0.08464399124374895,0.07004625079838052,0.1043819883483763,0.09819563458676536,0.09337514766673116,0.07517283509432836,0.0816221456793501
156,0.05489356027767161,0.06478390265012661,0.06506059890770038,0.07040666298467103,0.0826507640566037,0.08221452109785403,0.09294922868021223,0.10536425699506072,0.10520775026670655,0.11569929953474528,0.13388906371514128,0.13061167281835317,0.1473140217335516,0.14760659833968734,0.17184933223813836
157,0.03639410931404423,0.05238311028002632,0.05132264283849098,0.05204184253893973,0.07995677144159036,0.07949947827937558,0.08163089545097024,0.10413527137046806,0.1039377829531761,0.10604391863687487,0.12459044108558655,0.12472250594453717,0.12531754119035582,0.1145942025952909,0.11168080256287775
158,0.02476058124357487,0.0333963186456462,0.03344757430756891,0.03611886937159471,0.05067149654469882,0.050757166690531166,0.05136534637363731,0.07646143792129605,0.07653815478728251,0.07838912282210439,0.09094458299753826,0.09075573141315657,0.09276513697573345,0.10501501264152364,0.14025959592642584
159,0.06315409256257154,0.04678356813606776,0.04733918478310974,0.047706345279132194,0.032796970902101166,0.03359792381119161,0.03422570022697318,0.023883578528195268,0.025322240868811376,0.031586629452116606,0.029704628587873712,0.03551093840834208,0.04134840796301832,0.042292174175830595,0.12589644790986193
160,0.0737420073155577,0.08243441651742435,0.08218209717039743,0.08377614384052144,0.0932613848015536,0.0933399419267991,0.09833196172126503,0.10920796043737344,0.10919672540662845,0.11415236157251778,0.1232693383418901,0.12493812532760545,0.12984422922275723,0.12893220001000846,0.12453712069510124
161,0.022303680839632207,0.0058012098105294915,0.005935925145386837,0.006592859573009837,0.015791132873623166,0.015836895411697173,0.021170024869809383,0.039633158748778555,0.03963991474544166,0.04827851129353661,0.0618564592309925,0.06349407633174146,0.07739845473142896,0.08754957355491377,0.11635664845445098
162,0.01782043756330011,0.018166124107854273,0.018287997102315764,0.014805832238122171,0.019406969543496216,0.01969798807409571,0.020669018965331295,0.034621905323687245,0.03469069241435504,0.04218646717214182,0.0416658469004171,0.04590341088614279,0.05606450271654019,0.06745075819932093,0.06853215194565902
163,0.06625886243203237,0.057457024584560985,0.057813534074518245,0.06259111633890922,0.058895144924157344,0.05927329688886056,0.06494035299058061,0.059408339217304255,0.06007412064404218,0.07601660371580773,0.06949351941986573,0.07608085563815749,0.09413392876072102,0.09786486087883377,0.0984691258560316
164,0.039510629909727334,0.04240930752752916,0.04141428780069909,0.039529361162264735,0.04726686539334488,0.046845920160357546,0.046267127137945833,0.06625766908042834,0.0654082336770992,0.06538930142235556,0.0760334621174381,0.07697153704634399,0.07707479667974258,0.06926981156561665,0.07767612404793026
165,0.06266893059449345,0.04541174874091449,0.04674587467694034,0.05022448362765352,0.039350826189814746,0.041779166196832945,0.052299921439875614,0.05059274805264104,0.05200417257112773,0.06451410139038824,0.0679089101821681,0.07956618920613658,0.0975798851969646,0.09539897525735383,0.07878258195126184
166,0.03895014758168882,0.042219731264602864,0.044548469849871535,0.044438788430832946,0.0803702568575867,0.0813599490904019,0.08301171195258707,0.12534857938574048,0.1258186139501907,0.13001661830608152,0.1513732075473352,0.14743585929300496,0.15559937895677006,0.16232158579882477,0.163843732559409
167,0.06602925372259347,0.07133792459360029,0.0709620385924905,0.07559651064982427,0.08128780752068214,0.0807125909824357,0.07816649164009043,0.08904201685020789,0.08895098986977287,0.09457125557456725,0.10288530177523764,0.10487667266619224,0.1090192808489965,0.10108473567339689,0.13864609980391424
168,0.035423851888583456,0.038001656950621715,0.03798823492557039,0.05294991050749616,0.05421826098710553,0.053152479505347086,0.07573769116753948,0.0749522824455062,0.07422351456134954,0.10141638261417361,0.10180083686829054,0.09959056226638104,0.12378140205825694,0.12363624834352588,0.14200095858855913
169,0.09493126773980382,0.09911603608796947,0.0996916037790889,0.10995250690212144,0.11629554627723941,0.11694850220643596,0.12413368470105034,0.13504295642931097,0.13540498637124018,0.13497401100868556,0.14579665674167483,0.14590219220613002,0.14530255495423997,0.14949309059962249,0.17047890027100449
170,0.05673581849484955,0.06325801791869519,0.06483364562959998,0.06626568826452715,0.07433238130380587,0.07600523986026757,0.07914865907878395,0.08506729652400515,0.08648892106888706,0.09393170748788976,0.1019549059298419,0.11297121789568138,0.12311995977891295,0.11768726292465205,0.11728298581070673
171,0.045916918878910896,0.05889533340122105,0.058174530602120085,0.06563630152291922,0.07744275201304802,0.0768778574620747,0.08364216896141663,0.10418191071716928,0.10372270640436976,0.11306517881215156,0.1362938126529989,0.13545108003135087,0.14349809125918017,0.138480267498133,0.14112689808134996
172,0.04789474928330666,0.04755320918310201,0.047854282978997915,0.06741821040240993,0.06686864368715396,0.06764701024188492,0.09356405395407026,0.09356275924509486,0.09422545728128964,0.1317124590842884,0.132810255301326,0.14076351835148448,0.17635836308980427,0.17574816791725925,0.16999154603997924
173,0.01945782090072999,0.026744456876693745,0.026550294627584563,0.02842107106054983,0.030585284269044794,0.03070222740804483,0.03671649485605097,0.03837104614216744,0.03835204876134498,0.03856914476183976,0.04453005292344697,0.044448015141106946,0.04431210342799041,0.040208343164677446,0.0700984431747134
174,0.06229462547490561,0.0632471003940672,0.06480512343618966,0.07124637238040488,0.07501995668456359,0.07777718211445517,0.09036232311616185,0.09448188637657289,0.09694508211683688,0.11946962305859368,0.14035086806524522,0.15796516443967074,0.18174052430373458,0.1713409193796168,0.2443513797695671
175,0.04510869796485209,0.047269595705864316,0.0465284039099869,0.04048004195193374,0.04403214549033698,0.04388345599718886,0.04589301945264173,0.054915843504088145,0.05443564091648294,0.05342627263682744,0.07621722502965622,0.07490644406074133,0.07363431890607623,0.07913810361557708,0.12904882693115163
176,0.03905723386592737,0.06330234914742422,0.0635017862157683,0.07387369047801147,0.09471661870816117,0.09443185967315419,0.11452061019726949,0.1337641549392419,0.13355764207496654,0.16393790355998616,0.17335586547014803,0.1757670743449136,0.2137459748321247,0.2094129380485346,0.2153861143712297
177,0.05658608158320156,0.0601435563682975,0.06016930452715447,0.06444679576545645,0.06231982381034584,0.061950644943781434,0.06976141533499318,0.06996639811836956,0.06988478487196409,0.07304613020389478,0.07058038487145919,0.06986953606951177,0.07339001587664659,0.07555177005203809,0.0905793751906743
178,0.027693106189673442,0.028276135254564613,0.028003905108554748,0.03827456151566128,0.03802519346284208,0.0369527156411828,0.04811411016945892,0.048620702989079695,0.048314565633692554,0.056336691899146196,0.056765331580592965,0.05257487499900284,0.0690500945368198,0.06889201541356753,0.08532537864792736
179,0.04024638133564149,0.050422363832473,0.05040638580248981,0.05076523517093241,0.06423884039641223,0.0642653881838251,0.06697684670365213,0.08305603771408286,0.08311271875753161,0.09094641994384957,0.10334413031898589,0.10635748274790659,0.11987392624429406,0.1253203063488287,0.12269566369508679
180,0.05123766583595785,0.05004844428447878,0.05009108181725601,0.05750343974097959,0.05717480414773559,0.0573732946088723,0.07033917543834253,0.07176634400887982,0.07194891296937551,0.08429746935597861,0.0960484662945381,0.0980501959141148,0.10887009709475536,0.09685696806553129,0.09648405885927028
181,0.07789524418056731,0.08544004095577375,0.08469531374203688,0.08257106524637953,0.088462655133754,0.0880530264259476,0.08462466192496086,0.08846939280746352,0.0879308093242519,0.07803530949283971,0.08307044199203058,0.07950313469589586,0.06737495646878469,0.07285863374449941,0.0736132623091111
182,0.07744775906974007,0.058584378081013605,0.057214561759631445,0.06828830990194323,0.05871983515899848,0.05696494183873057,0.07306797127240686,0.08074691611756007,0.08007688152842793,0.08899664139500545,0.11128480121735222,0.11005942895966583,0.12213782706215731,0.1075953329776267,0.11787903432791841
183,0.07197990089735332,0.07148428651439327,0.07223067519000882,0.07216418155876152,0.07216117370237944,0.07210180225271452,0.07200875568930573,0.07250861869536976,0.07412755837204493,0.07819342637848552,0.08435442681127531,0.08895478753783212,0.09056636422860648,0.09004219886761622,0.10607418211412395
184,0.052044893518752675,0.04883251753791935,0.0487566106229281,0.04685471932351292,0.04783062520942765,0.04835301161291703,0.045107120586371584,0.04607134257859146,0.04593480132892876,0.04702858052017403,0.04374493824976589,0.04314111328062012,0.04353364451554979,0.05578873283765896,0.0719158518892175
185,0.08891292142826107,0.08806352940988052,0.08840177375438471,0.08867069797544866,0.0881021262217942,0.08820658403964107,0.08866261785868595,0.08887355461822753,0.0893686338942007,0.0903897488259959,0.09106481676719667,0.08739166139409048,0.08888408881705875,0.08793926783504222,0.07856640547707293
186,0.0347410320049681,0.03357121364840809,0.03397316283095691,0.04030192723836461,0.04020587384739475,0.04215520844527025,0.0574934069190671,0.05840088438412048,0.05962589180183388,0.07407068665663459,0.08590011808505556,0.09340981036092848,0.1048942604461478,0.09848581710917372,0.11696396248877944
187,0.04226450498011109,0.056781939171354476,0.05767612679169203,0.05936550104180504,0.07363396496248713,0.07451213002783856,0.07721830310999606,0.09510395551695588,0.09586003438844226,0.09955547099239312,0.09621291192888573,0.09737791784156088,0.09922771404815972,0.11170640374447578,0.11197105790791981
188,0.0802149041203719,0.0825461338715217,0.08228740923760472,0.07176376624853403,0.07838887845990844,0.07861862066010508,0.06639943007899293,0.07210610287632284,0.07245370252804419,0.06411403578503257,0.05716130794610824,0.06578617166941617,0.05864293226008783,0.06201179942971494,0.11861498134052445
189,0.03781556760470621,0.03836739753209027,0.037444771191242,0.0389832034414888,0.03933275772360337,0.03655310091316001,0.04948115230723543,0.0516778503017151,0.04975109224494471,0.06932304433793846,0.0702686686751359,0.06485952738540589,0.08365518067895315,0.08791700401117336,0.09033813428705459
190,0.0962506133866372,0.09688487385959806,0.09678363498719378,0.09959410024596675,0.10488753455369358,0.10385571004093021,0.11621978839321652,0.12436806638057826,0.12324483732330012,0.14232369225309713,0.14306058937356936,0.13324667990605615,0.15655075038487115,0.16098181396986605,0.1550469924675952
191,0.03273652470341253,0.029654705327653297,0.02778687569881449,0.029867853114780768,0.057482993399934484,0.056775839200468435,0.05812557965397544,0.08977341467648457,0.08953169545701026,0.0912670088863574,0.11936049632038578,0.11904351519579726,0.11923470024394141,0.10823361129719265,0.11176168134242853
192,0.06607236512025334,0.0699957385707968,0.0705211399249062,0.07021694990613118,0.08062579076817956,0.0815844798750677,0.08091935273372254,0.09481513876523989,0.09553620780350609,0.09513338661042836,0.10450605007049082,0.10670181545175633,0.10610003747141208,0.11672495283794668,0.17861445828129738
193,0.031409400148625186,0.03615410310730299,0.03608562232117184,0.02704454063161486,0.05484787144100736,0.05483810686472886,0.05355983026724945,0.0843239958373279,0.08432724346131046,0.08315726348962937,0.10166812052252867,0.10169561158811688,0.10165879456045056,0.10084566455106998,0.10105205163896061
194,0.0818573157699545,0.08416627885601574,0.08378425286049564,0.0895045632947238,0.09070864872795445,0.08928613474308399,0.10464662233638837,0.10447185784228066,0.10360157353655994,0.120204743398042,0.13533022530120947,0.1325788415522264,0.1469541946385324,0.13146557324326502,0.13278259419997632
195,0.09373725140140457,0.09325236734905928,0.09298614674179427,0.10026932345394157,0.10124354591332844,0.10064016185918587,0.1101714932685786,0.10941960084586835,0.10885044146659438,0.12284536427881015,0.12669566934173673,0.12442540621046429,0.13630781121892904,0.1307951289566412,0.14131969476430495
196,0.06158691874823308,0.06527542219637784,0.06581105133331863,0.06706647548731408,0.07394436382099775,0.07490976802340034,0.07917551276666812,0.0841327150341934,0.08484617891459549,0.0899371466685865,0.08568188848743498,0.09163414128579823,0.0965068501142265,0.09381349164511879,0.08506466841836598
197,0.07547642441427621,0.07941768763632044,0.07951151225241528,0.07383989963405144,0.07914081062700608,0.07913524599145394,0.07569438665676707,0.0907228503781209,0.09070704380343003,0.08545929959165319,0.11396643793969387,0.11240127696411313,0.10822753668289775,0.11493715841353452,0.16625195799980022
198,0.09540156703151244,0.09124157573327944,0.09135548660599101,0.11611381992802663,0.12152330081872224,0.12132974216082239,0.15050921067016043,0.1574334980210052,0.15732828156931497,0.18319350798691786,0.18781810877694868,0.1879795827434913,0.20633897408096047,0.20062903911876567,0.20370181156711836
199,0.028481760861669574,0.06557625047701975,0.06552070719887101,0.06933380125578602,0.10582315184209684,0.1058410784829853,0.11130651727437844,0.1448414755431987,0.14485560018987206,0.15013218425883104,0.19898162559103424,0.19896931076329147,0.20014025817930386,0.163010876481464,0.16628828372569407
200,0.07422327339970819,0.09305312320676123,0.09279319569476652,0.08112357878244654,0.11144264626374686,0.11141167077939837,0.10632753803492448,0.14239500561912072,0.1423768216232087,0.13982211529440583,0.17091215342071012,0.17157837952821164,0.17034382400906076,0.15309936954594075,0.159263617807292
201,0.06558753345747806,0.06639367267418045,0.06634922980843924,0.10388243101450759,0.13075474325038478,0.13061542793867847,0.16401496275998037,0.19817470630020573,0.19813183161008793,0.2341315445313007,0.2624257534455447,0.26412028552750294,0.29245678104049433,0.2781264780656616,0.2835725600604882
202,0.061285876439533794,0.03741530829467978,0.03859820954103707,0.04361742593148361,0.06624078076996537,0.06589015962699551,0.07261320995267767,0.1032138641637511,0.10251524307901545,0.11259800594268582,0.136448379796936,0.1331266377577017,0.14360434577690712,0.11482604881942682,0.14375547647089323
203,0.0737858930308048,0.08927846313364385,0.08959527404871705,0.07651662834165693,0.08881650483459642,0.08910454353953261,0.0866076170678008,0.10043350940304689,0.10086988426223142,0.09974205504779324,0.10137728398139519,0.1027905519843223,0.10300808275799507,0.07913923010153875,0.20353534093519532
204,0.04022577465352482,0.07649726890482214,0.07650211906779449,0.09486761065787078,0.14849868777490363,0.1483443855834865,0.16265842531001565,0.2231575787416281,0.2230206561288496,0.24095843910257536,0.2863800395405413,0.28703426543690136,0.304066597468137,0.2814390055115002,0.31712107186476174
205,0.07604008796484674,0.028428981072941357,0.02989256464156743,0.050422481874921224,0.06226632526451829,0.06473120479205943,0.12117828109466505,0.15205541942570078,0.1543366024279815,0.22799646369408735,0.257949627627576,0.2762381555202924,0.3410258639994311,0.32626684876044193,0.382511802581998
206,0.11290959687102893,0.18992281029188987,0.19079634436294343,0.1862916786818674,0.27054705762293835,0.27192804078280725,0.28654565596758125,0.3697415995162681,0.3718414390128412,0.4083723552440529,0.45353086071292364,0.47119432907597575,0.5161860525226694,0.49036533491201223,0.567991764014924
207,0.12658932017616675,0.10904481929584033,0.10589347890269205,0.17838068027893356,0.2277396145510797,0.22578480038984958,0.28187844917177185,0.34773818532115774,0.3465823582275288,0.41823816202343134,0.463317455282901,0.4681417936745372,0.5378406150349382,0.5218315444329692,0.6270995334192782
208,0.10284996474529208,0.11167128221554476,0.11753288396456979,0.1095396044548949,0.15652052320575882,0.1628693535758145,0.17642261350596072,0.24239585406474198,0.2484228288431861,0.2734092011750368,0.3469405055004525,0.3657322564074472,0.3874015059203665,0.3584221405192499,0.4370894663001233
209,0.09950748133372876,0.11091286550759183,0.11437414649115352,0.11650774394770991,0.12973040745007447,0.13466909039858255,0.14766019691685076,0.15573586044726542,0.16050178905007498,0.18247656991912722,0.2045883199355136,0.22417755304403617,0.24345147612398427,0.23789420128600747,0.2545275699837679
210,0.03721580815299772,0.038108500971579466,0.036929374575148395,0.0435355605046325,0.04717528907664852,0.04573656437948529,0.05490093519232101,0.06507985842649874,0.0628806983201344,0.08783124828520435,0.11701986084080625,0.11503136131495884,0.14323423655761797,0.13767114802675467,0.17253232964637255
211,0.05191901826022664,0.051352705329895984,0.050070736446686887,0.06741762163751082,0.07259135126792471,0.0715258089183521,0.10591514455105455,0.11456865139963959,0.11448675646807588,0.16355665513075227,0.1572148532785426,0.1658243375406857,0.213889623878029,0.21794135162128603,0.21157414372147385
212,0.04685505295652435,0.10919785319239791,0.10920770361216323,0.10959987177860886,0.1719609318554956,0.17194562172984076,0.17303909391513286,0.2508173245878843,0.25089862816257763,0.2507177142907235,0.324226719396399,0.3244678728203868,0.32408382733312374,0.31087099977674615,0.3126910225438228
213,0.02089392333617811,0.10444332738262062,0.10325316471969574,0.11246289422286723,0.21021368185612105,0.2098341082649551,0.2251637133135739,0.32402838497881253,0.32419307530827274,0.3393908119487206,0.4310691320472387,0.43357904777239237,0.4470950160782852,0.4258955436731076,0.42796381745685186
214,0.0787491432034884,0.12161367471488302,0.12358764648968752,0.1836045309842165,0.2934053276995788,0.2957666335983264,0.34209122771023076,0.46578389479491444,0.46920310376477037,0.5285077192426407,0.6263190516579812,0.6448529028826033,0.700923081930002,0.6749030280107614,0.7168242989093426
